Employee_ID,Name,Age,Department,City,Monthly_Salary,Years_At_Company,Join_Date,Email,Employment_Status,Education,Performance_Score
E0001,Divya,22.0,HR,Chennai,45143.5,3.5,,employee1@example.com,Active,Post Graduate,2.8642458100558663
 E0002 ,Meena,40.639296187683286,HR,Madurai,45000.0,14.7,2025-04-04,,Resigned,Under Graduate,1.4
E0003,Meena,40.639296187683286,Marketing,Bengaluru,25695.0,11.5,,employee3@example.com,Left,Post Graduate,2.8642458100558663
E0004,Anitha,40.639296187683286,IT,Chennai,45143.5,25.875921375921376,,,Active,Post Graduate,2.8642458100558663
 E0005 ,Kavin,40.639296187683286,IT,Bengaluru,75570.0,5.7,,,Left,Post Graduate,2.8642458100558663
E0006,Nila,40.639296187683286,Finance,Chennai,54438.0,25.875921375921376,,employee6@example.com,Active,Under Graduate,2.8642458100558663
E0007,Rohan,48.0,HR,Salem,45143.5,25.875921375921376,,employee7@example.com,Resigned,Under Graduate,2.8642458100558663
E0008,Rahul,21.0,HR,Chennai,45143.5,12.7,,employee8@example.com,Resigned,Under Graduate,2.8642458100558663
E0009,Anitha,40.0,Finance,Coimbatore,81143.0,18.3,,employee9@example.com,Left,Post Graduate,2.8642458100558663
E0010,Arun,55.0,IT,Chennai,45000.0,25.875921375921376,,,Resigned,Under Graduate,2.8642458100558663
E0011,Arun,58.0,IT,Chennai,45143.5,1.7,,employee11@example.com,Left,Post Graduate,2.8642458100558663
 E0012 ,Rohan,40.639296187683286,HR,Chennai,45143.5,40.0,,,Active,Under Graduate,3.9
E0013,Kavin,40.639296187683286,HR,Chennai,45000.0,40.0,,,Active,Post Graduate,2.8642458100558663
 E0014 ,Rohan,40.639296187683286,Finance,Chennai,45000.0,40.0,,,Active,Post Graduate,2.2
E0015,Nila,58.0,HR,Coimbatore,100209.0,25.875921375921376,,employee15@example.com,Active,Post Graduate,2.8642458100558663
 E0016 ,Arun,40.639296187683286,Marketing,Bengaluru,45143.5,25.875921375921376,,,Left,Diploma,2.8642458100558663
E0017,Meena,50.0,HR,Bengaluru,45143.5,25.0,,employee17@example.com,Active,Post Graduate,2.8642458100558663
 E0018 ,Kavin,55.0,HR,Coimbatore,97303.0,25.875921375921376,,employee18@example.com,Left,Diploma,2.8642458100558663
E0019,Rahul,40.639296187683286,HR,Salem,146065.0,40.0,,employee19@example.com,Active,Post Graduate,2.8642458100558663
 E0020 ,Priya,56.0,HR,Salem,45143.5,25.875921375921376,,employee20@example.com,Resigned,Under Graduate,2.8642458100558663
E0021,Rohan,40.639296187683286,Sales,Hyderabad,45143.5,25.875921375921376,,employee21@example.com,Left,Diploma,1.6
 E0022 ,Rahul,40.639296187683286,IT,Chennai,45000.0,25.875921375921376,,employee22@example.com,Left,Diploma,2.8642458100558663
 E0023 ,Rohan,55.0,Sales,Hyderabad,45143.5,25.875921375921376,,,Active,Under Graduate,2.8642458100558663
 E0024 ,Kavin,23.0,Marketing,Bengaluru,45143.5,25.875921375921376,2024-07-11,,Resigned,Post Graduate,2.8642458100558663
E0025,Divya,40.0,Marketing,Coimbatore,45000.0,25.875921375921376,,,Left,Under Graduate,3.2
E0026,Kavin,40.639296187683286,IT,Bengaluru,45000.0,25.875921375921376,,employee26@example.com,Active,Post Graduate,2.8642458100558663
E0027,Rohan,33.0,Sales,Chennai,45000.0,15.3,,employee27@example.com,On Leave,Post Graduate,1.6
E0028,Sanjay,40.639296187683286,Marketing,Bengaluru,45000.0,25.875921375921376,,,Active,Post Graduate,2.8642458100558663
E0029,Arun,40.639296187683286,IT,Chennai,45000.0,25.875921375921376,,,Active,Post Graduate,2.8642458100558663
 E0030 ,Divya,40.639296187683286,Sales,Chennai,45143.5,25.875921375921376,,employee30@example.com,On Leave,Under Graduate,2.8642458100558663
E0031,Rohan,58.0,Finance,Madurai,45000.0,25.875921375921376,,,Active,Post Graduate,2.8642458100558663
E0032,Vijay,40.639296187683286,Marketing,Chennai,45000.0,25.875921375921376,,,Active,Post Graduate,2.8642458100558663
 E0033 ,Meena,40.639296187683286,HR,Chennai,45143.5,25.875921375921376,,,Active,Post Graduate,2.8642458100558663
E0034,Sanjay,25.0,Marketing,Chennai,45143.5,5.0,,employee34@example.com,Left,Under Graduate,2.8642458100558663
 E0035 ,Rohan,40.639296187683286,IT,Chennai,45143.5,2.7,,,Left,Under Graduate,2.8642458100558663
E0036,Divya,40.639296187683286,Finance,Chennai,45143.5,25.875921375921376,,,On Leave,Diploma,2.8642458100558663
E0037,Meena,40.639296187683286,Finance,Madurai,45000.0,25.875921375921376,,employee37@example.com,Active,Post Graduate,2.8642458100558663
E0038,Ahalya,40.639296187683286,Finance,Madurai,45000.0,25.875921375921376,,,Active,Post Graduate,2.8642458100558663
E0039,Arun,36.0,IT,Bengaluru,45000.0,19.8,,,Active,Post Graduate,2.8642458100558663
E0040,Rohan,40.639296187683286,Finance,Coimbatore,45143.5,6.3,,,Left,Post Graduate,2.8642458100558663
E0041,Nila,40.639296187683286,HR,Salem,45143.5,25.875921375921376,,employee41@example.com,Active,Under Graduate,2.8642458100558663
 E0042 ,Kavin,52.0,HR,Hyderabad,45000.0,25.875921375921376,,,Active,Under Graduate,3.3
E0043,Divya,40.639296187683286,Finance,Chennai,45143.5,40.0,,employee43@example.com,Left,Post Graduate,2.8642458100558663
E0044,Kavin,57.0,HR,Chennai,47235.0,5.3,,employee44@example.com,On Leave,Under Graduate,2.8642458100558663
E0045,Vijay,40.639296187683286,Marketing,Madurai,57056.0,21.5,2024-08-11,,On Leave,Under Graduate,2.8642458100558663
E0046,Sanjay,38.0,IT,Hyderabad,45143.5,25.875921375921376,,,Left,Post Graduate,2.8642458100558663
E0047,Meena,26.0,HR,Chennai,45143.5,6.3,,employee47@example.com,Active,Under Graduate,2.8642458100558663
E0048,Rahul,40.639296187683286,Sales,Chennai,132264.0,40.0,,employee48@example.com,Left,Post Graduate,2.8642458100558663
E0049,Nila,23.0,Finance,Hyderabad,45143.5,40.0,,employee49@example.com,Active,Post Graduate,2.8642458100558663
E0050,Anitha,52.0,HR,Madurai,45143.5,25.875921375921376,,employee50@example.com,Active,Diploma,2.8642458100558663
 E0051 ,Sanjay,40.639296187683286,Finance,Madurai,47743.0,25.875921375921376,,,Active,Post Graduate,2.8642458100558663
E0052,Meena,53.0,IT,Chennai,45143.5,40.0,,,Active,Under Graduate,2.8642458100558663
 E0053 ,Ahalya,40.639296187683286,Sales,Chennai,45143.5,25.875921375921376,,employee53@example.com,On Leave,Under Graduate,2.8642458100558663
E0054,Rohan,40.639296187683286,HR,Hyderabad,149672.0,40.0,,,Active,Under Graduate,2.8642458100558663
E0055,Ahalya,60.0,HR,Chennai,45143.5,25.875921375921376,,,Left,Post Graduate,2.8642458100558663
 E0056 ,Ahalya,40.639296187683286,IT,Bengaluru,45000.0,25.875921375921376,,employee56@example.com,Resigned,Under Graduate,2.8642458100558663
E0057,Priya,57.0,IT,Chennai,45143.5,40.0,,,Left,Under Graduate,2.0
 E0058 ,Meena,39.0,IT,Hyderabad,45000.0,25.875921375921376,,,Active,Under Graduate,2.8642458100558663
 E0059 ,Arun,40.639296187683286,HR,Bengaluru,22875.0,9.9,,,Left,Post Graduate,2.8642458100558663
 E0060 ,Rahul,27.0,Sales,Coimbatore,45000.0,25.875921375921376,2025-08-02,employee60@example.com,Left,Post Graduate,2.8642458100558663
 E0061 ,Kavin,40.639296187683286,HR,Madurai,45000.0,25.875921375921376,,employee61@example.com,On Leave,Post Graduate,2.8642458100558663
E0062,Anitha,40.639296187683286,IT,Chennai,45143.5,25.875921375921376,,,Active,Post Graduate,2.8642458100558663
E0063,Meena,40.639296187683286,Finance,Chennai,80852.0,40.0,,employee63@example.com,Active,Post Graduate,2.8642458100558663
E0064,Rohan,40.639296187683286,Sales,Madurai,45000.0,40.0,,,Active,Under Graduate,2.8642458100558663
E0065,Arun,40.639296187683286,Marketing,Chennai,45000.0,6.9,,employee65@example.com,Active,Diploma,2.8642458100558663
 E0066 ,Priya,57.0,HR,Salem,45143.5,25.875921375921376,,employee66@example.com,Active,Under Graduate,3.6
E0067,Kavin,40.639296187683286,Finance,Chennai,80372.0,4.4,,employee67@example.com,Resigned,Post Graduate,2.8642458100558663
 E0068 ,Anitha,40.639296187683286,HR,Chennai,45143.5,11.5,,,Active,Under Graduate,2.8642458100558663
E0069,Nila,59.0,IT,Chennai,45143.5,25.875921375921376,,,On Leave,Under Graduate,4.2
 E0070 ,Divya,40.639296187683286,Sales,Salem,45000.0,40.0,,employee70@example.com,Resigned,Post Graduate,2.8642458100558663
E0071,Nila,25.0,Finance,Bengaluru,42439.0,25.875921375921376,,employee71@example.com,Active,Under Graduate,2.8642458100558663
E0072,Rahul,40.639296187683286,Finance,Bengaluru,99906.0,25.875921375921376,,employee72@example.com,Active,Diploma,2.8642458100558663
E0073,Priya,40.639296187683286,HR,Hyderabad,24882.0,25.875921375921376,,,Active,Post Graduate,4.0
E0074,Priya,40.639296187683286,HR,Chennai,45000.0,25.875921375921376,,employee74@example.com,Active,Diploma,2.8642458100558663
 E0075 ,Anitha,40.639296187683286,Marketing,Chennai,45143.5,18.9,,employee75@example.com,Left,Under Graduate,2.8642458100558663
 E0076 ,Rohan,40.639296187683286,Sales,Coimbatore,45143.5,25.875921375921376,,employee76@example.com,Active,Under Graduate,2.8642458100558663
E0077,Rahul,56.0,HR,Hyderabad,45000.0,21.5,,,On Leave,Post Graduate,2.8642458100558663
E0078,Divya,28.0,HR,Hyderabad,45143.5,25.875921375921376,,employee78@example.com,Active,Under Graduate,2.8642458100558663
E0079,Anitha,40.639296187683286,HR,Madurai,86910.0,25.875921375921376,,,Active,Post Graduate,2.8642458100558663
E0080,Vijay,30.0,Marketing,Bengaluru,43218.0,25.875921375921376,,,Resigned,Post Graduate,2.8642458100558663
 E0081 ,Meena,40.639296187683286,HR,Chennai,45143.5,40.0,,employee81@example.com,On Leave,Under Graduate,3.3
E0082,Rahul,57.0,HR,Coimbatore,45143.5,25.875921375921376,,,Active,Post Graduate,2.8642458100558663
E0083,Anitha,40.639296187683286,Sales,Chennai,45143.5,40.0,,employee83@example.com,Resigned,Under Graduate,2.8642458100558663
E0084,Rohan,37.0,Marketing,Hyderabad,57419.0,25.875921375921376,,,Active,Post Graduate,3.8
E0085,Rahul,40.639296187683286,IT,Coimbatore,36750.0,25.875921375921376,,,Left,Diploma,2.8642458100558663
E0086,Rahul,40.639296187683286,HR,Coimbatore,45143.5,21.1,,employee86@example.com,On Leave,Post Graduate,2.8642458100558663
E0087,Nila,31.0,IT,Salem,67749.0,40.0,,,Active,Post Graduate,2.8642458100558663
 E0088 ,Ahalya,40.639296187683286,Marketing,Chennai,45143.5,25.875921375921376,,employee88@example.com,Resigned,Post Graduate,2.8642458100558663
E0089,Sanjay,28.0,Sales,Chennai,45000.0,25.875921375921376,,employee89@example.com,On Leave,Under Graduate,2.8642458100558663
E0090,Ahalya,36.0,IT,Chennai,116281.0,8.0,,employee90@example.com,Active,Post Graduate,2.8642458100558663
 E0091 ,Arun,21.0,IT,Chennai,45143.5,25.875921375921376,,employee91@example.com,Active,Post Graduate,2.8642458100558663
 E0092 ,Ahalya,50.0,HR,Bengaluru,22154.0,25.875921375921376,2025-11-01,,Left,Post Graduate,2.7
 E0093 ,Kavin,54.0,Sales,Madurai,45000.0,40.0,,employee93@example.com,Active,Post Graduate,2.8642458100558663
E0094,Rohan,40.639296187683286,Finance,Chennai,42949.0,40.0,,employee94@example.com,Left,Post Graduate,2.8642458100558663
E0095,Rahul,40.639296187683286,IT,Chennai,45143.5,25.875921375921376,,employee95@example.com,Resigned,Under Graduate,2.8642458100558663
E0096,Divya,40.639296187683286,HR,Coimbatore,45143.5,25.875921375921376,,,Left,Diploma,2.8642458100558663
 E0097 ,Anitha,40.639296187683286,HR,Chennai,41842.0,40.0,,,On Leave,Diploma,2.8642458100558663
E0098,Priya,40.639296187683286,Marketing,Chennai,45143.5,25.875921375921376,,employee98@example.com,Resigned,Diploma,2.8
E0099,Priya,40.639296187683286,Finance,Hyderabad,45143.5,25.875921375921376,,employee99@example.com,Active,Diploma,2.8642458100558663
E0100,Anitha,40.639296187683286,Sales,Bengaluru,146765.0,3.4,,,Active,Post Graduate,2.8642458100558663
 E0101 ,Nila,40.639296187683286,HR,Bengaluru,45143.5,25.875921375921376,,employee101@example.com,Active,Post Graduate,1.5
E0102,Kavin,40.639296187683286,Finance,Chennai,45000.0,25.875921375921376,2021-01-06,,Resigned,Post Graduate,2.8642458100558663
E0103,Rahul,40.639296187683286,IT,Bengaluru,131408.0,25.875921375921376,,employee103@example.com,Left,Under Graduate,2.8642458100558663
E0104,Anitha,29.0,HR,Bengaluru,97383.0,25.875921375921376,,employee104@example.com,Active,Under Graduate,2.8642458100558663
E0105,Anitha,40.639296187683286,Sales,Salem,45000.0,25.875921375921376,,,Active,Under Graduate,2.8642458100558663
 E0106 ,Priya,40.639296187683286,Sales,Chennai,45143.5,25.875921375921376,,,Resigned,Post Graduate,2.8642458100558663
 E0107 ,Vijay,40.639296187683286,Sales,Madurai,45143.5,25.875921375921376,2023-07-05,employee107@example.com,Active,Under Graduate,2.8642458100558663
E0108,Ahalya,40.639296187683286,IT,Chennai,45000.0,25.875921375921376,,,Active,Diploma,3.1
 E0109 ,Nila,40.639296187683286,IT,Chennai,45143.5,1.1,,employee109@example.com,On Leave,Post Graduate,2.8642458100558663
E0110,Vijay,60.0,Finance,Hyderabad,49145.0,25.875921375921376,,employee110@example.com,Active,Under Graduate,2.8642458100558663
,Rohan,40.639296187683286,IT,Bengaluru,45143.5,25.875921375921376,,,Active,Post Graduate,2.8642458100558663
E0112,Vijay,40.639296187683286,HR,Madurai,45143.5,7.7,,,Active,Post Graduate,2.8642458100558663
 E0113 ,Divya,40.639296187683286,HR,Hyderabad,45143.5,23.7,,,Left,Under Graduate,2.8642458100558663
E0114,Sanjay,24.0,Finance,Bengaluru,45143.5,40.0,,,Resigned,Post Graduate,2.8642458100558663
E0115,Rohan,40.639296187683286,Finance,Bengaluru,45143.5,25.875921375921376,,employee115@example.com,Active,Diploma,2.8642458100558663
E0116,Kavin,40.639296187683286,Sales,Chennai,45143.5,25.875921375921376,,,Left,Post Graduate,2.8642458100558663
E0117,Nila,40.639296187683286,IT,Madurai,89203.0,25.875921375921376,2022-06-05,employee117@example.com,Active,Under Graduate,2.8642458100558663
 E0118 ,Meena,27.0,Marketing,Chennai,73334.0,40.0,2023-05-09,,Active,Post Graduate,2.8642458100558663
E0119,Meena,40.639296187683286,HR,Chennai,45000.0,25.875921375921376,,employee119@example.com,Resigned,Diploma,2.8642458100558663
E0120,Priya,40.639296187683286,HR,Bengaluru,45143.5,25.875921375921376,,,Left,Post Graduate,2.8642458100558663
E0121,Sanjay,60.0,Sales,Madurai,45143.5,40.0,,employee121@example.com,Active,Diploma,2.8642458100558663
 E0122 ,Priya,40.639296187683286,Sales,Salem,54282.0,25.875921375921376,,,Active,Post Graduate,2.8642458100558663
E0123,Anitha,40.639296187683286,IT,Madurai,45000.0,25.875921375921376,,,Active,Post Graduate,2.8642458100558663
E0124,Anitha,25.0,IT,Chennai,45143.5,25.875921375921376,,,Active,Post Graduate,2.8
 E0125 ,Meena,40.639296187683286,HR,Madurai,45143.5,40.0,,employee125@example.com,Active,Under Graduate,2.7
 E0126 ,Sanjay,55.0,Sales,Hyderabad,45143.5,25.875921375921376,,,Active,Post Graduate,2.8642458100558663
 E0127 ,Sanjay,29.0,Marketing,Hyderabad,45143.5,25.875921375921376,,employee127@example.com,On Leave,Post Graduate,2.8642458100558663
E0128,Vijay,40.639296187683286,HR,Chennai,24222.0,10.5,2022-08-05,employee128@example.com,Active,Post Graduate,2.8642458100558663
E0129,Vijay,40.639296187683286,Marketing,Bengaluru,45143.5,25.875921375921376,,,Left,Diploma,2.8642458100558663
E0130,Rahul,40.639296187683286,Marketing,Hyderabad,45143.5,25.875921375921376,,,Resigned,Post Graduate,2.8642458100558663
E0131,Divya,40.639296187683286,Sales,Coimbatore,45143.5,25.875921375921376,,employee131@example.com,On Leave,Post Graduate,2.8642458100558663
E0132,Vijay,40.639296187683286,Marketing,Madurai,42238.0,25.875921375921376,,employee132@example.com,Active,Post Graduate,2.8642458100558663
 E0133 ,Arun,40.639296187683286,Finance,Bengaluru,35376.0,40.0,,employee133@example.com,Left,Under Graduate,2.8642458100558663
 E0134 ,Rahul,40.639296187683286,Sales,Chennai,148358.0,40.0,,employee134@example.com,Left,Post Graduate,2.8642458100558663
 E0135 ,Nila,40.639296187683286,Marketing,Bengaluru,45143.5,25.875921375921376,,employee135@example.com,Left,Under Graduate,2.8642458100558663
E0136,Ahalya,31.0,HR,Chennai,45143.5,40.0,,employee136@example.com,Active,Under Graduate,2.8642458100558663
E0137,Sanjay,25.0,HR,Chennai,45000.0,25.875921375921376,,,On Leave,Under Graduate,2.8642458100558663
E0138,Vijay,55.0,Finance,Salem,45143.5,2.7,2023-10-12,employee138@example.com,Resigned,Diploma,4.2
 E0139 ,Divya,40.639296187683286,Sales,Chennai,45143.5,17.1,,employee139@example.com,Active,Post Graduate,2.8642458100558663
 E0140 ,Ahalya,40.639296187683286,HR,Salem,45143.5,25.875921375921376,,,Active,Post Graduate,2.8642458100558663
E0141,Nila,40.639296187683286,Sales,Hyderabad,55798.0,25.875921375921376,,,Active,Post Graduate,2.8642458100558663
 E0142 ,Ahalya,43.0,Marketing,Salem,132580.0,25.875921375921376,,,Active,Under Graduate,2.8642458100558663
 E0143 ,Priya,40.639296187683286,Sales,Coimbatore,45143.5,25.875921375921376,,employee143@example.com,On Leave,Diploma,2.4
E0144,Ahalya,40.639296187683286,HR,Bengaluru,112350.0,25.875921375921376,,,Active,Post Graduate,2.8642458100558663
E0145,Divya,40.639296187683286,HR,Coimbatore,126477.0,25.875921375921376,,employee145@example.com,Left,Diploma,2.8642458100558663
E0146,Anitha,40.639296187683286,Finance,Madurai,45143.5,12.1,,employee146@example.com,Active,Under Graduate,1.5
E0147,Rohan,40.639296187683286,IT,Chennai,45000.0,25.875921375921376,,,Resigned,Post Graduate,2.8642458100558663
,Nila,40.639296187683286,HR,Chennai,45000.0,40.0,,employee148@example.com,Active,Post Graduate,2.8642458100558663
 E0149 ,Kavin,47.0,Finance,Chennai,38242.0,25.875921375921376,2024-10-09,,On Leave,Post Graduate,2.8642458100558663
E0150,Anitha,40.639296187683286,Marketing,Hyderabad,45143.5,25.875921375921376,,employee150@example.com,Resigned,Under Graduate,1.4
 E0151 ,Ahalya,40.639296187683286,Finance,Chennai,45143.5,25.875921375921376,,employee151@example.com,Left,Under Graduate,4.7
E0152,Sanjay,40.639296187683286,Finance,Bengaluru,45000.0,25.875921375921376,,,Active,Diploma,1.2
E0153,Divya,42.0,Finance,Madurai,41542.0,25.875921375921376,2024-05-02,,On Leave,Post Graduate,2.8642458100558663
 E0154 ,Rohan,22.0,HR,Chennai,45143.5,10.7,,employee154@example.com,Active,Diploma,2.8642458100558663
 E0155 ,Rahul,37.0,Finance,Coimbatore,89168.0,40.0,,employee155@example.com,Left,Post Graduate,2.8642458100558663
E0156,Priya,40.639296187683286,HR,Hyderabad,45143.5,25.875921375921376,,,On Leave,Post Graduate,2.8642458100558663
E0157,Sanjay,40.639296187683286,HR,Madurai,45143.5,40.0,,,On Leave,Post Graduate,2.8642458100558663
E0158,Meena,40.639296187683286,IT,Salem,45143.5,2.1,,,Active,Under Graduate,2.8642458100558663
E0159,Arun,56.0,Sales,Chennai,45143.5,25.875921375921376,,,Left,Diploma,4.5
E0160,Vijay,40.639296187683286,Marketing,Hyderabad,40802.0,25.875921375921376,,,Active,Post Graduate,2.8642458100558663
E0161,Meena,40.639296187683286,Finance,Chennai,45143.5,25.875921375921376,,,Active,Under Graduate,2.8642458100558663
E0162,Divya,40.639296187683286,Sales,Chennai,45143.5,40.0,,,Active,Post Graduate,4.2
E0163,Sanjay,53.0,Marketing,Bengaluru,45000.0,25.875921375921376,,employee163@example.com,Active,Post Graduate,2.8642458100558663
E0164,Ahalya,40.639296187683286,HR,Chennai,45143.5,25.875921375921376,,,Active,Under Graduate,2.8642458100558663
E0165,Rahul,49.0,IT,Chennai,46518.0,25.875921375921376,,employee165@example.com,Resigned,Post Graduate,2.8642458100558663
E0166,Priya,46.0,HR,Madurai,45000.0,16.4,2021-03-01,,Active,Under Graduate,2.8642458100558663
 E0167 ,Rahul,48.0,IT,Coimbatore,52648.0,5.7,,employee167@example.com,On Leave,Post Graduate,2.8642458100558663
E0168,Anitha,40.639296187683286,Finance,Madurai,45000.0,25.875921375921376,2024-10-07,,Active,Under Graduate,1.6
E0169,Ahalya,40.639296187683286,Marketing,Salem,45143.5,6.2,,,Left,Post Graduate,2.8642458100558663
E0170,Ahalya,39.0,Sales,Bengaluru,45000.0,25.875921375921376,,employee170@example.com,Active,Under Graduate,2.8642458100558663
E0171,Ahalya,40.639296187683286,Sales,Salem,63290.0,0.4,,employee171@example.com,On Leave,Under Graduate,3.8
E0172,Rahul,40.639296187683286,Sales,Chennai,58024.0,25.875921375921376,2026-02-03,employee172@example.com,Left,Post Graduate,2.8642458100558663
E0173,Rohan,24.0,HR,Chennai,45000.0,15.3,,employee173@example.com,Active,Under Graduate,2.8642458100558663
 E0174 ,Divya,40.639296187683286,IT,Chennai,36637.0,25.875921375921376,,employee174@example.com,Left,Post Graduate,4.9
E0175,Vijay,40.639296187683286,Marketing,Chennai,45000.0,25.875921375921376,,,Left,Post Graduate,3.0
E0176,Rahul,21.0,IT,Hyderabad,45000.0,25.875921375921376,,,Resigned,Diploma,2.8642458100558663
 E0177 ,Meena,40.639296187683286,IT,Bengaluru,45143.5,20.1,,employee177@example.com,Active,Post Graduate,2.8642458100558663
E0178,Ahalya,40.639296187683286,Sales,Chennai,45000.0,40.0,2025-02-05,employee178@example.com,Left,Post Graduate,2.4
E0179,Rohan,21.0,IT,Chennai,116638.0,25.875921375921376,,employee179@example.com,Active,Post Graduate,2.8642458100558663
 E0180 ,Anitha,40.639296187683286,HR,Madurai,45143.5,40.0,,employee180@example.com,Left,Diploma,2.8642458100558663
E0181,Kavin,40.639296187683286,HR,Chennai,89291.0,25.875921375921376,,employee181@example.com,Active,Diploma,2.8642458100558663
E0182,Rahul,40.639296187683286,HR,Chennai,45143.5,21.3,,employee182@example.com,Left,Diploma,2.6
E0183,Priya,40.639296187683286,HR,Chennai,45000.0,25.875921375921376,,,Active,Post Graduate,2.8642458100558663
E0184,Rahul,40.639296187683286,HR,Chennai,85848.0,25.875921375921376,,employee184@example.com,Active,Under Graduate,2.8642458100558663
 E0185 ,Sanjay,40.639296187683286,HR,Chennai,70165.0,25.875921375921376,,,Left,Post Graduate,2.8642458100558663
E0186,Nila,56.0,HR,Hyderabad,45000.0,25.875921375921376,,employee186@example.com,Resigned,Under Graduate,2.8642458100558663
 E0187 ,Ahalya,40.639296187683286,Finance,Bengaluru,45143.5,25.875921375921376,2024-07-05,employee187@example.com,Left,Post Graduate,2.8642458100558663
E0188,Vijay,55.0,Sales,Bengaluru,45143.5,40.0,,employee188@example.com,Active,Post Graduate,2.8642458100558663
E0189,Vijay,40.639296187683286,IT,Chennai,45143.5,40.0,,employee189@example.com,Active,Under Graduate,2.8642458100558663
E0190,Rahul,40.639296187683286,HR,Bengaluru,64520.0,25.875921375921376,,employee190@example.com,On Leave,Post Graduate,2.8642458100558663
E0191,Anitha,40.639296187683286,HR,Coimbatore,83858.0,25.875921375921376,,,On Leave,Diploma,2.8642458100558663
E0192,Vijay,32.0,HR,Chennai,45143.5,25.875921375921376,,employee192@example.com,Active,Diploma,2.8642458100558663
 E0193 ,Kavin,40.639296187683286,HR,Chennai,45000.0,25.875921375921376,,,On Leave,Under Graduate,2.8642458100558663
 E0194 ,Kavin,40.639296187683286,HR,Salem,110073.0,25.875921375921376,,employee194@example.com,Active,Diploma,2.0
E0195,Ahalya,40.639296187683286,Sales,Coimbatore,41090.0,1.9,,,On Leave,Post Graduate,2.8642458100558663
E0196,Ahalya,40.639296187683286,Sales,Chennai,45143.5,5.9,,,On Leave,Under Graduate,2.8642458100558663
 E0197 ,Sanjay,51.0,Finance,Salem,45143.5,16.0,,,Active,Post Graduate,2.8642458100558663
E0198,Ahalya,40.639296187683286,HR,Chennai,66911.0,40.0,,,Active,Post Graduate,2.8642458100558663
 E0199 ,Meena,40.639296187683286,HR,Hyderabad,45143.5,25.875921375921376,,employee199@example.com,Active,Post Graduate,2.8642458100558663
E0200,Ahalya,40.639296187683286,Sales,Chennai,45143.5,25.875921375921376,,employee200@example.com,On Leave,Post Graduate,2.8642458100558663
E0201,Rohan,40.639296187683286,HR,Hyderabad,45000.0,25.875921375921376,,,Active,Under Graduate,2.8642458100558663
 E0202 ,Anitha,58.0,Finance,Chennai,45143.5,25.875921375921376,,,Active,Post Graduate,2.8642458100558663
E0203,Sanjay,59.0,IT,Bengaluru,45000.0,25.875921375921376,,employee203@example.com,Active,Diploma,2.8642458100558663
E0204,Divya,40.639296187683286,HR,Chennai,45143.5,40.0,,,Left,Under Graduate,2.8642458100558663
E0205,Arun,40.639296187683286,IT,Chennai,45143.5,25.875921375921376,2023-07-04,employee205@example.com,Left,Under Graduate,2.8642458100558663
 E0206 ,Sanjay,40.639296187683286,HR,Chennai,45000.0,15.9,,employee206@example.com,Active,Under Graduate,2.8642458100558663
E0207,Anitha,40.639296187683286,IT,Madurai,41695.0,25.875921375921376,,employee207@example.com,Left,Post Graduate,2.6
 E0208 ,Rahul,40.639296187683286,Finance,Salem,45143.5,25.875921375921376,,,Left,Under Graduate,2.8642458100558663
 E0209 ,Anitha,40.639296187683286,HR,Chennai,45143.5,25.875921375921376,,,Active,Diploma,2.8642458100558663
E0210,Rahul,37.0,Marketing,Coimbatore,45143.5,25.875921375921376,,,Active,Post Graduate,2.8642458100558663
E0211,Rohan,40.639296187683286,IT,Chennai,45143.5,25.875921375921376,,,Resigned,Post Graduate,2.8642458100558663
E0212,Kavin,40.639296187683286,IT,Bengaluru,45143.5,25.875921375921376,2025-12-04,,Left,Post Graduate,2.8642458100558663
 E0213 ,Arun,40.639296187683286,Finance,Chennai,95083.0,25.875921375921376,,employee213@example.com,On Leave,Post Graduate,2.2
E0214,Sanjay,40.639296187683286,Sales,Coimbatore,45143.5,40.0,,employee214@example.com,Resigned,Post Graduate,2.8642458100558663
 E0215 ,Sanjay,40.639296187683286,Sales,Chennai,59532.0,40.0,,,Active,Post Graduate,2.8642458100558663
E0216,Kavin,40.639296187683286,Sales,Salem,22348.0,25.875921375921376,,,Active,Under Graduate,2.8642458100558663
E0217,Priya,50.0,Sales,Chennai,76841.0,25.875921375921376,,,Left,Post Graduate,2.8642458100558663
E0218,Ahalya,40.639296187683286,Marketing,Chennai,45143.5,17.8,,employee218@example.com,Active,Under Graduate,2.8642458100558663
E0219,Nila,49.0,IT,Coimbatore,82180.0,3.8,,employee219@example.com,On Leave,Under Graduate,2.8642458100558663
 E0220 ,Rohan,28.0,Sales,Salem,45143.5,25.875921375921376,,employee220@example.com,Active,Under Graduate,2.8642458100558663
E0221,Kavin,40.639296187683286,Finance,Chennai,21671.0,2.2,,,Active,Diploma,2.8642458100558663
,Kavin,40.639296187683286,HR,Chennai,45143.5,25.875921375921376,,,Active,Post Graduate,2.8642458100558663
 E0223 ,Meena,40.639296187683286,Sales,Chennai,45143.5,25.875921375921376,,,On Leave,Post Graduate,2.8642458100558663
E0224,Vijay,29.0,Sales,Bengaluru,33373.0,25.875921375921376,,,Active,Post Graduate,2.8642458100558663
E0225,Rahul,51.0,Finance,Chennai,125815.0,25.875921375921376,,employee225@example.com,On Leave,Post Graduate,2.8642458100558663
E0226,Kavin,40.639296187683286,Finance,Bengaluru,21526.0,25.875921375921376,,,Left,Diploma,4.9
E0227,Sanjay,40.639296187683286,Finance,Bengaluru,45143.5,40.0,,,Active,Under Graduate,4.0
E0228,Anitha,40.639296187683286,Finance,Bengaluru,27393.0,25.875921375921376,,employee228@example.com,Resigned,Under Graduate,2.8642458100558663
 E0229 ,Rahul,40.639296187683286,Marketing,Salem,67617.0,11.3,2025-05-04,employee229@example.com,Resigned,Post Graduate,2.8642458100558663
 E0230 ,Arun,29.0,Sales,Chennai,45143.5,25.875921375921376,,employee230@example.com,On Leave,Under Graduate,2.8642458100558663
E0231,Priya,40.639296187683286,HR,Coimbatore,53294.0,13.3,,,Active,Under Graduate,2.8642458100558663
 E0232 ,Sanjay,40.639296187683286,HR,Coimbatore,45143.5,25.875921375921376,,,On Leave,Post Graduate,2.8642458100558663
E0233,Anitha,40.639296187683286,HR,Bengaluru,45143.5,25.875921375921376,,employee233@example.com,Active,Diploma,2.8642458100558663
E0234,Ahalya,47.0,IT,Salem,92954.0,13.1,,employee234@example.com,Active,Diploma,2.8642458100558663
E0235,Nila,40.639296187683286,IT,Chennai,45000.0,25.875921375921376,2025-07-11,,On Leave,Under Graduate,2.8642458100558663
E0236,Nila,56.0,HR,Madurai,45143.5,40.0,,,Left,Diploma,2.8
E0237,Meena,32.0,HR,Bengaluru,49287.0,25.875921375921376,,employee237@example.com,Active,Post Graduate,4.7
E0238,Arun,40.639296187683286,HR,Chennai,45000.0,25.875921375921376,,,Active,Under Graduate,2.8642458100558663
E0239,Anitha,40.639296187683286,HR,Chennai,45143.5,25.875921375921376,,,Resigned,Under Graduate,2.8642458100558663
E0240,Rahul,60.0,Finance,Chennai,102131.0,25.875921375921376,,employee240@example.com,Active,Under Graduate,2.8642458100558663
E0241,Arun,41.0,Finance,Hyderabad,45143.5,13.3,2022-08-03,,Active,Post Graduate,3.7
 E0242 ,Divya,50.0,Sales,Chennai,40943.0,25.875921375921376,,employee242@example.com,On Leave,Under Graduate,2.8642458100558663
 E0243 ,Anitha,28.0,IT,Chennai,25965.0,25.875921375921376,,employee243@example.com,Left,Under Graduate,2.5
E0244,Rohan,40.639296187683286,Marketing,Bengaluru,37875.0,25.875921375921376,,,Active,Post Graduate,2.8642458100558663
E0245,Priya,28.0,IT,Salem,45143.5,25.875921375921376,,employee245@example.com,Left,Under Graduate,2.8642458100558663
 E0246 ,Rahul,40.639296187683286,HR,Madurai,58096.0,1.7,,,Active,Diploma,2.8642458100558663
 E0247 ,Priya,40.639296187683286,HR,Bengaluru,60065.0,25.875921375921376,,,Left,Post Graduate,2.8642458100558663
E0248,Anitha,40.639296187683286,HR,Chennai,45000.0,25.875921375921376,,employee248@example.com,Left,Post Graduate,2.8642458100558663
E0249,Nila,25.0,IT,Chennai,45143.5,25.875921375921376,,employee249@example.com,Active,Diploma,2.8642458100558663
E0250,Priya,40.639296187683286,Finance,Coimbatore,149366.0,25.875921375921376,,employee250@example.com,Active,Post Graduate,2.8642458100558663
E0251,Rahul,51.0,Sales,Chennai,45143.5,25.875921375921376,,employee251@example.com,Active,Under Graduate,2.8642458100558663
E0252,Anitha,54.0,HR,Salem,45143.5,25.875921375921376,,,On Leave,Post Graduate,2.8642458100558663
E0253,Priya,40.639296187683286,HR,Coimbatore,45143.5,25.875921375921376,,,Resigned,Post Graduate,3.9
E0254,Arun,40.639296187683286,HR,Coimbatore,83113.0,25.875921375921376,,,Active,Post Graduate,3.5
E0255,Rohan,57.0,Marketing,Salem,45143.5,40.0,,employee255@example.com,Active,Post Graduate,2.8642458100558663
E0256,Rohan,40.639296187683286,Marketing,Bengaluru,45143.5,25.875921375921376,,,Active,Post Graduate,2.8642458100558663
E0257,Kavin,40.639296187683286,HR,Chennai,45143.5,25.875921375921376,,employee257@example.com,Active,Post Graduate,3.0
E0258,Nila,51.0,Sales,Madurai,20157.0,25.875921375921376,,employee258@example.com,Active,Under Graduate,2.8642458100558663
 E0259 ,Arun,40.639296187683286,HR,Chennai,45143.5,22.8,,,Active,Post Graduate,2.8642458100558663
E0260,Rahul,40.639296187683286,HR,Salem,45000.0,25.875921375921376,,,On Leave,Post Graduate,2.8642458100558663
E0261,Arun,40.639296187683286,Finance,Coimbatore,45143.5,40.0,,employee261@example.com,Active,Post Graduate,2.8642458100558663
 E0262 ,Vijay,60.0,Sales,Chennai,45000.0,24.1,,employee262@example.com,Active,Diploma,1.9
E0263,Anitha,23.0,Finance,Chennai,45143.5,25.875921375921376,,employee263@example.com,Active,Post Graduate,2.8642458100558663
E0264,Meena,39.0,Sales,Bengaluru,42214.0,25.875921375921376,,employee264@example.com,On Leave,Under Graduate,2.8642458100558663
 E0265 ,Divya,21.0,HR,Chennai,45143.5,25.875921375921376,,employee265@example.com,Left,Post Graduate,2.6
E0266,Sanjay,40.639296187683286,Sales,Chennai,95136.0,25.875921375921376,,,Left,Diploma,2.8642458100558663
 E0267 ,Rahul,50.0,Finance,Chennai,45143.5,25.875921375921376,,,Left,Post Graduate,2.8642458100558663
 E0268 ,Rohan,40.639296187683286,IT,Madurai,45143.5,25.875921375921376,2022-06-07,employee268@example.com,Left,Diploma,2.8642458100558663
 E0269 ,Rahul,40.639296187683286,HR,Bengaluru,58893.0,40.0,,employee269@example.com,Active,Post Graduate,2.8642458100558663
E0270,Ahalya,40.639296187683286,Finance,Bengaluru,45143.5,25.875921375921376,,,On Leave,Post Graduate,2.8642458100558663
 E0271 ,Vijay,40.639296187683286,IT,Coimbatore,100746.0,40.0,,,Left,Post Graduate,2.8642458100558663
 E0272 ,Priya,40.639296187683286,HR,Coimbatore,45143.5,25.875921375921376,,,Left,Under Graduate,2.8642458100558663
E0273,Anitha,40.639296187683286,Finance,Bengaluru,39116.0,3.7,,,Active,Diploma,2.8642458100558663
E0274,Rahul,24.0,IT,Bengaluru,45143.5,40.0,,,Resigned,Post Graduate,2.8642458100558663
 E0275 ,Rahul,40.639296187683286,Sales,Chennai,66018.0,25.875921375921376,,employee275@example.com,Active,Under Graduate,2.8642458100558663
E0276,Rahul,40.639296187683286,IT,Bengaluru,75288.0,40.0,,employee276@example.com,Resigned,Post Graduate,2.8642458100558663
E0277,Priya,40.639296187683286,IT,Salem,67600.0,40.0,,employee277@example.com,Active,Post Graduate,1.7
E0278,Anitha,40.639296187683286,Sales,Salem,45000.0,13.1,,employee278@example.com,Left,Post Graduate,2.8642458100558663
E0279,Meena,40.639296187683286,Finance,Chennai,62723.0,25.875921375921376,,,Active,Post Graduate,2.8642458100558663
E0280,Arun,50.0,HR,Chennai,88610.0,25.875921375921376,,,Left,Diploma,2.8642458100558663
 E0281 ,Ahalya,40.0,Sales,Salem,45143.5,11.7,,,Left,Under Graduate,2.8642458100558663
 E0282 ,Kavin,40.639296187683286,Sales,Madurai,45143.5,40.0,,employee282@example.com,Left,Diploma,2.8642458100558663
E0283,Vijay,40.639296187683286,Finance,Madurai,45143.5,40.0,,,Resigned,Under Graduate,2.8642458100558663
E0284,Sanjay,22.0,IT,Bengaluru,45143.5,17.9,,employee284@example.com,On Leave,Diploma,2.8642458100558663
E0285,Nila,50.0,Finance,Coimbatore,26319.0,25.875921375921376,,,Left,Diploma,4.3
 E0286 ,Divya,40.639296187683286,Marketing,Salem,52396.0,25.875921375921376,,employee286@example.com,Resigned,Post Graduate,3.5
E0287,Arun,56.0,Marketing,Hyderabad,83075.0,25.875921375921376,,employee287@example.com,Resigned,Under Graduate,2.8642458100558663
 E0288 ,Kavin,40.639296187683286,IT,Coimbatore,81724.0,40.0,,employee288@example.com,Active,Under Graduate,2.8642458100558663
E0289,Arun,40.639296187683286,HR,Hyderabad,45143.5,25.875921375921376,,,Resigned,Post Graduate,1.5
 E0290 ,Vijay,40.639296187683286,Finance,Coimbatore,45143.5,25.875921375921376,,,Active,Post Graduate,2.8642458100558663
E0291,Arun,40.639296187683286,Sales,Chennai,20094.0,25.875921375921376,,,On Leave,Post Graduate,2.8642458100558663
E0292,Priya,40.639296187683286,HR,Chennai,45000.0,16.0,,employee292@example.com,Left,Under Graduate,2.9
E0293,Vijay,57.0,HR,Chennai,45143.5,25.875921375921376,,,Left,Post Graduate,3.0
E0294,Kavin,40.639296187683286,IT,Chennai,68374.0,25.875921375921376,,employee294@example.com,Left,Post Graduate,2.8642458100558663
E0295,Kavin,40.639296187683286,Marketing,Bengaluru,88969.0,25.875921375921376,,,Active,Post Graduate,3.7
 E0296 ,Nila,40.639296187683286,Sales,Bengaluru,45143.5,25.875921375921376,,,On Leave,Post Graduate,2.8642458100558663
 E0297 ,Ahalya,40.639296187683286,HR,Salem,45143.5,25.875921375921376,,,Active,Post Graduate,2.8642458100558663
E0298,Ahalya,40.639296187683286,Finance,Bengaluru,74314.0,25.875921375921376,,employee298@example.com,Active,Post Graduate,2.8642458100558663
 E0299 ,Priya,40.639296187683286,Finance,Chennai,45143.5,25.875921375921376,,,Left,Under Graduate,2.8642458100558663
E0300,Anitha,45.0,Sales,Chennai,45000.0,10.4,,employee300@example.com,Left,Post Graduate,2.8642458100558663
E0301,Divya,40.639296187683286,IT,Hyderabad,45143.5,40.0,,employee301@example.com,Active,Post Graduate,2.8642458100558663
 E0302 ,Nila,40.639296187683286,IT,Chennai,122645.0,40.0,2025-04-05,employee302@example.com,On Leave,Post Graduate,2.8642458100558663
E0303,Anitha,40.639296187683286,Sales,Hyderabad,45143.5,25.875921375921376,,employee303@example.com,Resigned,Diploma,2.8642458100558663
E0304,Arun,40.639296187683286,IT,Bengaluru,45143.5,40.0,,,Active,Post Graduate,4.4
E0305,Rahul,40.639296187683286,IT,Madurai,56712.0,8.6,,,Left,Post Graduate,2.8642458100558663
E0306,Meena,40.639296187683286,IT,Salem,45000.0,25.875921375921376,,employee306@example.com,Active,Under Graduate,3.6
 E0307 ,Sanjay,45.0,HR,Chennai,89122.0,40.0,,employee307@example.com,Active,Post Graduate,2.8642458100558663
 E0308 ,Anitha,56.0,Sales,Bengaluru,45143.5,40.0,2025-05-03,employee308@example.com,Left,Post Graduate,2.8642458100558663
 E0309 ,Anitha,24.0,HR,Chennai,85549.0,25.875921375921376,2022-07-04,,On Leave,Post Graduate,2.8642458100558663
E0310,Anitha,40.639296187683286,HR,Madurai,45143.5,25.875921375921376,,employee310@example.com,Active,Diploma,2.8642458100558663
E0311,Ahalya,40.639296187683286,Sales,Hyderabad,59431.0,13.9,,employee311@example.com,On Leave,Diploma,2.8642458100558663
E0312,Arun,30.0,IT,Chennai,52483.0,25.875921375921376,,employee312@example.com,Resigned,Under Graduate,2.8642458100558663
E0313,Arun,40.639296187683286,HR,Hyderabad,45143.5,40.0,,employee313@example.com,Active,Diploma,2.8642458100558663
 E0314 ,Divya,33.0,HR,Hyderabad,45143.5,25.875921375921376,,employee314@example.com,Resigned,Under Graduate,2.8642458100558663
E0315,Ahalya,40.639296187683286,Finance,Hyderabad,28095.0,11.3,2025-03-12,,Active,Post Graduate,2.8642458100558663
 E0316 ,Anitha,40.639296187683286,Finance,Chennai,45143.5,15.3,,employee316@example.com,Active,Post Graduate,2.8642458100558663
E0317,Meena,40.639296187683286,Sales,Coimbatore,102793.0,25.875921375921376,2026-11-01,,Active,Under Graduate,2.8642458100558663
E0318,Rahul,40.639296187683286,HR,Coimbatore,45143.5,40.0,,employee318@example.com,Active,Post Graduate,1.7
E0319,Meena,40.639296187683286,HR,Chennai,57851.0,25.875921375921376,,employee319@example.com,Active,Under Graduate,3.2
E0320,Nila,40.639296187683286,IT,Madurai,45000.0,10.3,,employee320@example.com,Active,Post Graduate,2.8642458100558663
E0321,Anitha,23.0,HR,Coimbatore,96234.0,40.0,2022-01-01,,Active,Post Graduate,3.3
E0322,Kavin,40.639296187683286,IT,Bengaluru,114618.0,25.875921375921376,,,On Leave,Post Graduate,2.8642458100558663
 E0323 ,Nila,60.0,HR,Bengaluru,83394.0,25.875921375921376,,,Active,Post Graduate,2.8642458100558663
E0324,Divya,40.639296187683286,Sales,Chennai,45143.5,0.0,,employee324@example.com,Resigned,Diploma,2.8642458100558663
E0325,Anitha,33.0,Sales,Bengaluru,91826.0,25.875921375921376,,employee325@example.com,On Leave,Post Graduate,3.3
E0326,Rahul,40.639296187683286,Finance,Hyderabad,45000.0,25.875921375921376,,,Active,Post Graduate,2.8642458100558663
 E0327 ,Anitha,56.0,Finance,Coimbatore,45143.5,25.875921375921376,,,On Leave,Post Graduate,2.8642458100558663
E0328,Meena,40.639296187683286,HR,Chennai,45000.0,25.875921375921376,,employee328@example.com,Resigned,Under Graduate,4.1
 E0329 ,Priya,49.0,HR,Coimbatore,45143.5,40.0,,,Left,Post Graduate,2.8642458100558663
E0330,Nila,54.0,Marketing,Salem,25771.0,21.2,,employee330@example.com,Active,Post Graduate,2.8642458100558663
E0331,Priya,40.639296187683286,IT,Chennai,45143.5,40.0,,,Active,Post Graduate,3.2
E0332,Meena,40.639296187683286,HR,Bengaluru,45143.5,25.875921375921376,,employee332@example.com,Active,Under Graduate,2.8642458100558663
,Rahul,40.639296187683286,IT,Bengaluru,45000.0,25.875921375921376,,,Left,Post Graduate,2.8642458100558663
E0334,Arun,40.639296187683286,HR,Salem,32178.0,40.0,,,Resigned,Under Graduate,2.8642458100558663
 E0335 ,Vijay,40.639296187683286,HR,Coimbatore,45000.0,40.0,2023-03-08,,Active,Under Graduate,4.3
E0336,Priya,56.0,Finance,Hyderabad,45143.5,25.875921375921376,,employee336@example.com,Active,Diploma,2.8642458100558663
E0337,Vijay,40.639296187683286,HR,Chennai,45143.5,16.6,,,Resigned,Post Graduate,2.8642458100558663
E0338,Arun,40.639296187683286,HR,Chennai,34253.0,40.0,,employee338@example.com,Active,Post Graduate,2.8642458100558663
 E0339 ,Rohan,40.639296187683286,Sales,Chennai,45143.5,25.875921375921376,,,Active,Post Graduate,2.8642458100558663
E0340,Divya,29.0,HR,Hyderabad,114789.0,25.875921375921376,,employee340@example.com,Resigned,Post Graduate,2.8642458100558663
E0341,Meena,40.639296187683286,Marketing,Coimbatore,45143.5,40.0,,,Active,Under Graduate,1.3
E0342,Priya,52.0,Finance,Hyderabad,132487.0,40.0,,,Active,Under Graduate,2.8642458100558663
E0343,Ahalya,48.0,HR,Chennai,51031.0,40.0,,,Resigned,Under Graduate,3.3
E0344,Rohan,40.639296187683286,Marketing,Chennai,139880.0,25.875921375921376,2021-01-07,,Left,Post Graduate,2.8642458100558663
 E0345 ,Priya,40.639296187683286,HR,Salem,45000.0,25.875921375921376,,,Left,Under Graduate,2.8642458100558663
 E0346 ,Priya,31.0,HR,Salem,45143.5,25.875921375921376,,,Left,Diploma,1.1
E0347,Nila,40.639296187683286,HR,Bengaluru,45143.5,25.875921375921376,,,Active,Post Graduate,2.8642458100558663
E0348,Meena,40.639296187683286,HR,Chennai,77695.0,25.875921375921376,,employee348@example.com,Active,Under Graduate,2.8642458100558663
 E0349 ,Sanjay,40.639296187683286,Sales,Bengaluru,45000.0,25.875921375921376,,employee349@example.com,Active,Under Graduate,2.8642458100558663
 E0350 ,Anitha,60.0,IT,Madurai,45143.5,6.7,,,Resigned,Post Graduate,2.8642458100558663
E0351,Rohan,41.0,IT,Salem,20221.0,25.875921375921376,,,Left,Under Graduate,1.1
 E0352 ,Anitha,59.0,Marketing,Coimbatore,35963.0,23.9,,employee352@example.com,Active,Post Graduate,2.8642458100558663
 E0353 ,Ahalya,25.0,Sales,Hyderabad,45000.0,25.875921375921376,2022-12-06,employee353@example.com,Resigned,Under Graduate,2.8642458100558663
E0354,Vijay,32.0,Marketing,Chennai,45143.5,40.0,2021-11-08,,Active,Post Graduate,2.0
E0355,Divya,40.639296187683286,IT,Coimbatore,83692.0,25.875921375921376,,employee355@example.com,Resigned,Under Graduate,2.8642458100558663
E0356,Nila,40.639296187683286,Sales,Bengaluru,45143.5,40.0,,employee356@example.com,Left,Under Graduate,1.2
E0357,Arun,40.639296187683286,IT,Hyderabad,45143.5,25.875921375921376,,,Active,Post Graduate,2.8642458100558663
E0358,Nila,49.0,Marketing,Salem,67666.0,25.875921375921376,,,Active,Post Graduate,2.8642458100558663
E0359,Nila,40.639296187683286,HR,Madurai,64265.0,1.1,,,Active,Under Graduate,2.8642458100558663
E0360,Sanjay,40.639296187683286,HR,Coimbatore,51808.0,16.2,,,Active,Under Graduate,2.8642458100558663
 E0361 ,Arun,60.0,HR,Coimbatore,45143.5,40.0,,employee361@example.com,Resigned,Under Graduate,2.8642458100558663
E0362,Vijay,31.0,Sales,Coimbatore,45000.0,25.875921375921376,,employee362@example.com,Active,Under Graduate,1.3
E0363,Anitha,26.0,IT,Chennai,74555.0,40.0,,employee363@example.com,On Leave,Post Graduate,2.8642458100558663
E0364,Arun,40.639296187683286,IT,Chennai,31537.0,25.875921375921376,,employee364@example.com,Active,Post Graduate,2.8642458100558663
E0365,Priya,40.639296187683286,Marketing,Chennai,72554.0,25.875921375921376,,,Active,Post Graduate,2.8642458100558663
 E0366 ,Nila,40.639296187683286,HR,Chennai,136789.0,25.875921375921376,,employee366@example.com,Left,Post Graduate,2.8642458100558663
 E0367 ,Arun,40.639296187683286,HR,Chennai,103376.0,8.2,,employee367@example.com,Active,Under Graduate,2.8642458100558663
E0368,Rahul,40.639296187683286,HR,Chennai,45143.5,25.875921375921376,,,Active,Diploma,2.8642458100558663
E0369,Divya,40.639296187683286,Finance,Chennai,45143.5,25.875921375921376,,employee369@example.com,Left,Post Graduate,2.8642458100558663
,Ahalya,21.0,Sales,Chennai,45143.5,25.875921375921376,,employee370@example.com,Active,Under Graduate,2.8642458100558663
E0371,Ahalya,40.639296187683286,Sales,Madurai,82818.0,40.0,2023-12-10,employee371@example.com,Active,Diploma,2.2
 E0372 ,Sanjay,51.0,HR,Hyderabad,41207.0,25.875921375921376,,employee372@example.com,Active,Diploma,3.5
E0373,Kavin,45.0,HR,Bengaluru,105269.0,25.875921375921376,,employee373@example.com,Active,Post Graduate,2.8642458100558663
E0374,Rohan,40.639296187683286,IT,Coimbatore,45143.5,25.875921375921376,,employee374@example.com,Resigned,Post Graduate,2.8642458100558663
E0375,Kavin,34.0,Sales,Bengaluru,45143.5,25.875921375921376,,,Active,Under Graduate,3.0
E0376,Divya,55.0,HR,Salem,45143.5,9.2,,employee376@example.com,Active,Under Graduate,1.7
 E0377 ,Rahul,40.639296187683286,Sales,Chennai,88247.0,40.0,,employee377@example.com,Active,Diploma,1.8
 E0378 ,Meena,54.0,HR,Coimbatore,45143.5,25.875921375921376,,,Left,Post Graduate,2.8642458100558663
E0379,Priya,40.639296187683286,Marketing,Coimbatore,45143.5,25.875921375921376,,,Active,Post Graduate,2.8642458100558663
E0380,Rahul,40.639296187683286,Finance,Coimbatore,45143.5,5.1,,,Left,Under Graduate,2.8642458100558663
E0381,Rohan,40.639296187683286,IT,Chennai,101943.0,25.875921375921376,,,Left,Post Graduate,2.8642458100558663
 E0382 ,Vijay,42.0,IT,Chennai,47442.0,25.875921375921376,,employee382@example.com,Resigned,Under Graduate,2.8642458100558663
E0383,Divya,40.639296187683286,IT,Chennai,45143.5,25.875921375921376,,employee383@example.com,Resigned,Post Graduate,3.4
 E0384 ,Nila,40.639296187683286,HR,Madurai,45000.0,25.875921375921376,,,Active,Post Graduate,2.8642458100558663
 E0385 ,Sanjay,31.0,Finance,Bengaluru,45143.5,25.875921375921376,,employee385@example.com,Active,Post Graduate,4.0
E0386,Divya,47.0,IT,Chennai,45143.5,25.875921375921376,,employee386@example.com,Active,Diploma,2.8642458100558663
E0387,Anitha,56.0,Marketing,Salem,139491.0,25.875921375921376,,,On Leave,Post Graduate,2.8642458100558663
 E0388 ,Anitha,40.639296187683286,Marketing,Chennai,45143.5,25.875921375921376,,,Active,Diploma,2.8642458100558663
 E0389 ,Rahul,40.639296187683286,Sales,Bengaluru,45143.5,25.875921375921376,2023-02-01,employee389@example.com,Active,Diploma,2.2
 E0390 ,Anitha,33.0,Sales,Chennai,45143.5,25.875921375921376,,,Resigned,Post Graduate,2.8642458100558663
E0391,Vijay,40.639296187683286,Finance,Chennai,45143.5,25.875921375921376,,employee391@example.com,On Leave,Under Graduate,4.7
E0392,Rohan,40.639296187683286,IT,Chennai,60838.0,40.0,,,Active,Post Graduate,2.8642458100558663
 E0393 ,Ahalya,40.639296187683286,IT,Chennai,73008.0,10.6,,,Active,Post Graduate,3.1
E0394,Arun,40.639296187683286,HR,Bengaluru,45143.5,16.7,,employee394@example.com,Active,Under Graduate,2.8642458100558663
E0395,Ahalya,40.639296187683286,Finance,Madurai,85619.0,25.875921375921376,,employee395@example.com,Left,Diploma,2.8642458100558663
 E0396 ,Divya,40.639296187683286,Sales,Madurai,68033.0,40.0,,employee396@example.com,Left,Under Graduate,2.8642458100558663
 E0397 ,Sanjay,28.0,HR,Hyderabad,45143.5,25.875921375921376,,employee397@example.com,Left,Under Graduate,2.8642458100558663
E0398,Ahalya,40.639296187683286,Marketing,Chennai,45000.0,4.7,,,Active,Under Graduate,2.8
 E0399 ,Arun,40.639296187683286,HR,Hyderabad,33332.0,25.875921375921376,,employee399@example.com,Active,Post Graduate,2.8642458100558663
E0400,Meena,40.639296187683286,HR,Chennai,45143.5,25.875921375921376,,,Active,Under Graduate,2.8642458100558663
E0401,Anitha,35.0,Sales,Coimbatore,44110.0,12.5,,,Left,Post Graduate,3.5
E0402,Nila,40.639296187683286,HR,Chennai,58477.0,25.875921375921376,,,On Leave,Under Graduate,2.8642458100558663
 E0403 ,Priya,40.639296187683286,IT,Hyderabad,45143.5,25.875921375921376,,,Active,Under Graduate,2.8642458100558663
 E0404 ,Vijay,40.639296187683286,Sales,Bengaluru,45143.5,25.875921375921376,,,Left,Diploma,2.8642458100558663
 E0405 ,Rahul,40.639296187683286,HR,Madurai,23525.0,8.5,,,Left,Post Graduate,2.8642458100558663
E0406,Nila,40.639296187683286,Sales,Salem,45143.5,25.875921375921376,,,Active,Post Graduate,2.9
 E0407 ,Nila,40.639296187683286,Marketing,Bengaluru,45143.5,40.0,,,Active,Post Graduate,2.8642458100558663
E0408,Rohan,52.0,HR,Chennai,45143.5,25.875921375921376,,employee408@example.com,Resigned,Diploma,2.8642458100558663
E0409,Nila,40.639296187683286,Sales,Madurai,30048.0,25.875921375921376,,,On Leave,Under Graduate,2.8642458100558663
E0410,Nila,40.639296187683286,HR,Hyderabad,45143.5,25.875921375921376,,,Active,Post Graduate,2.8642458100558663
 E0411 ,Meena,40.639296187683286,Marketing,Coimbatore,45000.0,8.0,,,Left,Post Graduate,2.8642458100558663
 E0412 ,Anitha,40.639296187683286,HR,Madurai,45143.5,25.875921375921376,,,Active,Diploma,2.8642458100558663
E0413,Divya,40.639296187683286,Sales,Chennai,29070.0,1.4,,,On Leave,Post Graduate,2.8642458100558663
 E0414 ,Kavin,57.0,IT,Chennai,45143.5,25.875921375921376,,,Resigned,Diploma,2.8642458100558663
E0415,Ahalya,40.639296187683286,Finance,Bengaluru,45143.5,25.875921375921376,,,Active,Diploma,2.8642458100558663
E0416,Anitha,40.639296187683286,HR,Madurai,82288.0,25.875921375921376,,employee416@example.com,Left,Post Graduate,2.8642458100558663
E0417,Arun,40.639296187683286,IT,Madurai,133973.0,40.0,,,Active,Under Graduate,2.8642458100558663
E0418,Rohan,23.0,IT,Chennai,81746.0,25.875921375921376,,employee418@example.com,Resigned,Under Graduate,2.8642458100558663
 E0419 ,Arun,50.0,Marketing,Salem,26828.0,40.0,2025-09-06,employee419@example.com,Resigned,Post Graduate,2.8642458100558663
 E0420 ,Arun,54.0,HR,Hyderabad,45143.5,25.875921375921376,,,Resigned,Post Graduate,2.8642458100558663
 E0421 ,Vijay,57.0,Sales,Salem,24021.0,25.875921375921376,,employee421@example.com,Active,Under Graduate,2.8642458100558663
 E0422 ,Meena,57.0,Finance,Hyderabad,79468.0,25.875921375921376,2025-01-01,employee422@example.com,Active,Under Graduate,2.8642458100558663
E0423,Vijay,39.0,Finance,Madurai,45143.5,25.875921375921376,,,Resigned,Post Graduate,2.8642458100558663
E0424,Vijay,40.639296187683286,IT,Chennai,62368.0,25.875921375921376,,,Active,Post Graduate,2.8642458100558663
E0425,Nila,40.639296187683286,HR,Coimbatore,45143.5,40.0,,,Left,Post Graduate,2.8642458100558663
 E0426 ,Meena,50.0,Sales,Hyderabad,45000.0,3.5,,employee426@example.com,Left,Diploma,2.8642458100558663
E0427,Priya,40.639296187683286,HR,Madurai,61358.0,25.875921375921376,,employee427@example.com,Active,Under Graduate,2.8642458100558663
E0428,Rohan,50.0,HR,Chennai,45000.0,25.875921375921376,,,Resigned,Under Graduate,2.8642458100558663
 E0429 ,Kavin,31.0,IT,Chennai,45143.5,25.0,,employee429@example.com,Active,Diploma,1.1
E0430,Meena,40.639296187683286,HR,Chennai,45143.5,40.0,,,Resigned,Under Graduate,2.8642458100558663
E0431,Divya,40.639296187683286,IT,Coimbatore,26380.0,7.1,,,Left,Under Graduate,2.8642458100558663
 E0432 ,Anitha,40.639296187683286,HR,Bengaluru,92694.0,40.0,,employee432@example.com,Left,Under Graduate,2.8642458100558663
E0433,Ahalya,40.639296187683286,Finance,Bengaluru,45000.0,25.875921375921376,,,Active,Post Graduate,2.8642458100558663
E0434,Meena,54.0,IT,Hyderabad,45000.0,40.0,2022-08-09,employee434@example.com,Left,Post Graduate,1.2
 E0435 ,Vijay,23.0,HR,Chennai,129388.0,25.875921375921376,,,Active,Post Graduate,2.8642458100558663
E0436,Meena,32.0,Sales,Coimbatore,74558.0,25.875921375921376,,,Left,Post Graduate,2.8642458100558663
E0437,Divya,40.639296187683286,Marketing,Chennai,45000.0,25.875921375921376,,,Left,Post Graduate,2.8642458100558663
E0438,Arun,40.639296187683286,Finance,Coimbatore,45143.5,0.3,,employee438@example.com,Left,Under Graduate,2.8642458100558663
 E0439 ,Sanjay,40.639296187683286,HR,Chennai,45000.0,10.5,2021-07-12,,Left,Post Graduate,2.8642458100558663
E0440,Sanjay,24.0,Sales,Chennai,45000.0,25.875921375921376,,,Active,Post Graduate,2.8642458100558663
 E0441 ,Vijay,40.639296187683286,Marketing,Bengaluru,45143.5,40.0,,employee441@example.com,Active,Post Graduate,2.8642458100558663
E0442,Meena,40.639296187683286,Sales,Hyderabad,45143.5,25.875921375921376,,,Resigned,Under Graduate,2.8642458100558663
 E0443 ,Sanjay,40.639296187683286,IT,Madurai,45143.5,25.875921375921376,,employee443@example.com,Left,Post Graduate,1.2
,Arun,40.639296187683286,HR,Madurai,45143.5,0.8,,employee444@example.com,Active,Diploma,2.8642458100558663
E0445,Kavin,40.639296187683286,HR,Chennai,45143.5,16.7,,,Active,Post Graduate,1.4
E0446,Kavin,40.639296187683286,IT,Chennai,45143.5,12.5,,,On Leave,Under Graduate,2.8642458100558663
E0447,Divya,40.639296187683286,IT,Coimbatore,45143.5,40.0,2023-09-01,employee447@example.com,On Leave,Under Graduate,2.8642458100558663
 E0448 ,Rahul,54.0,Sales,Coimbatore,134019.0,25.875921375921376,,employee448@example.com,On Leave,Under Graduate,2.6
 E0449 ,Ahalya,30.0,IT,Coimbatore,45000.0,25.875921375921376,,,On Leave,Under Graduate,2.8642458100558663
E0450,Nila,60.0,Sales,Hyderabad,65252.0,25.875921375921376,,employee450@example.com,Active,Post Graduate,2.8642458100558663
E0451,Meena,40.639296187683286,Sales,Chennai,45143.5,25.875921375921376,,,Active,Diploma,2.8642458100558663
E0452,Vijay,43.0,HR,Madurai,45143.5,14.3,,employee452@example.com,Resigned,Diploma,2.8642458100558663
E0453,Priya,40.639296187683286,Sales,Hyderabad,45143.5,25.875921375921376,,,Active,Under Graduate,2.8642458100558663
 E0454 ,Vijay,40.639296187683286,Finance,Hyderabad,68404.0,25.875921375921376,,,Active,Post Graduate,2.8642458100558663
E0455,Arun,40.639296187683286,Finance,Chennai,83539.0,25.875921375921376,,employee455@example.com,Active,Post Graduate,2.8642458100558663
E0456,Rahul,40.639296187683286,IT,Bengaluru,125117.0,25.875921375921376,,employee456@example.com,Left,Diploma,2.8642458100558663
E0457,Ahalya,40.639296187683286,Sales,Chennai,45143.5,40.0,,,Left,Post Graduate,2.8642458100558663
E0458,Rahul,51.0,HR,Hyderabad,45143.5,40.0,,employee458@example.com,On Leave,Post Graduate,2.8642458100558663
E0459,Anitha,23.0,HR,Chennai,56356.0,25.875921375921376,,,Left,Post Graduate,3.2
E0460,Arun,40.639296187683286,HR,Chennai,142737.0,25.875921375921376,,,Active,Post Graduate,2.8642458100558663
 E0461 ,Meena,40.639296187683286,HR,Chennai,45000.0,4.5,,,Active,Post Graduate,2.8642458100558663
E0462,Rohan,32.0,HR,Salem,45000.0,17.0,,employee462@example.com,On Leave,Under Graduate,2.8642458100558663
E0463,Nila,40.639296187683286,Sales,Chennai,45143.5,25.875921375921376,,,Left,Under Graduate,2.8642458100558663
E0464,Nila,40.639296187683286,Marketing,Coimbatore,73411.0,5.8,,employee464@example.com,Left,Post Graduate,2.6
E0465,Ahalya,40.639296187683286,Finance,Salem,45143.5,40.0,,,Active,Under Graduate,2.8642458100558663
E0466,Nila,40.639296187683286,HR,Chennai,66061.0,25.875921375921376,,employee466@example.com,Left,Under Graduate,2.6
E0467,Sanjay,40.639296187683286,IT,Madurai,45143.5,25.875921375921376,,,Resigned,Diploma,2.8642458100558663
E0468,Rohan,22.0,Finance,Hyderabad,45143.5,11.9,2024-09-10,,Active,Post Graduate,2.8642458100558663
E0469,Sanjay,49.0,Sales,Madurai,45000.0,25.875921375921376,2023-04-03,employee469@example.com,Active,Under Graduate,1.9
 E0470 ,Sanjay,40.639296187683286,HR,Madurai,59738.0,40.0,,employee470@example.com,Active,Post Graduate,2.8642458100558663
E0471,Vijay,40.639296187683286,HR,Chennai,45143.5,25.875921375921376,,employee471@example.com,Active,Diploma,2.8642458100558663
 E0472 ,Anitha,40.639296187683286,Marketing,Chennai,45143.5,25.875921375921376,,employee472@example.com,Resigned,Under Graduate,2.8642458100558663
 E0473 ,Divya,28.0,Finance,Chennai,45143.5,12.9,,employee473@example.com,Resigned,Under Graduate,2.8642458100558663
E0474,Anitha,26.0,Marketing,Chennai,77147.0,25.875921375921376,,,Active,Under Graduate,2.7
E0475,Arun,40.639296187683286,HR,Chennai,45000.0,25.875921375921376,,,Active,Post Graduate,2.8
 E0476 ,Vijay,26.0,Marketing,Hyderabad,61062.0,25.875921375921376,,employee476@example.com,Active,Under Graduate,2.8642458100558663
 E0477 ,Divya,40.639296187683286,Finance,Hyderabad,45143.5,25.875921375921376,,employee477@example.com,Active,Diploma,3.6
E0478,Nila,40.639296187683286,IT,Bengaluru,68457.0,0.3,,employee478@example.com,On Leave,Under Graduate,2.8642458100558663
E0479,Nila,40.639296187683286,HR,Coimbatore,45143.5,40.0,,,Active,Diploma,2.8642458100558663
 E0480 ,Arun,40.639296187683286,IT,Madurai,45143.5,25.875921375921376,,,Active,Diploma,2.8642458100558663
E0481,Sanjay,59.0,IT,Chennai,45143.5,25.875921375921376,,,Left,Post Graduate,2.8642458100558663
 E0482 ,Ahalya,40.639296187683286,Finance,Chennai,45143.5,10.0,,employee482@example.com,Active,Diploma,2.8642458100558663
E0483,Arun,44.0,HR,Madurai,45143.5,25.875921375921376,2025-12-01,,Active,Post Graduate,4.4
E0484,Vijay,40.639296187683286,Sales,Chennai,45143.5,25.875921375921376,,employee484@example.com,Active,Post Graduate,2.8642458100558663
E0485,Meena,40.639296187683286,HR,Bengaluru,45143.5,25.875921375921376,,employee485@example.com,Left,Under Graduate,2.8642458100558663
E0486,Nila,40.639296187683286,Sales,Bengaluru,47425.0,40.0,,employee486@example.com,Active,Post Graduate,2.8642458100558663
E0487,Arun,54.0,IT,Chennai,45000.0,40.0,,employee487@example.com,Left,Under Graduate,2.8642458100558663
E0488,Vijay,40.639296187683286,HR,Chennai,45143.5,2.1,,,Resigned,Under Graduate,2.8642458100558663
 E0489 ,Kavin,40.639296187683286,IT,Chennai,45000.0,40.0,,employee489@example.com,Left,Post Graduate,1.4
E0490,Vijay,40.639296187683286,HR,Salem,45143.5,25.875921375921376,,employee490@example.com,Active,Diploma,2.8642458100558663
E0491,Rohan,40.639296187683286,IT,Chennai,81866.0,25.875921375921376,,employee491@example.com,Left,Post Graduate,2.8642458100558663
E0492,Ahalya,40.639296187683286,Sales,Coimbatore,45143.5,40.0,,,Active,Diploma,4.8
 E0493 ,Vijay,40.639296187683286,HR,Chennai,45000.0,40.0,,,Active,Post Graduate,2.8642458100558663
 E0494 ,Kavin,40.639296187683286,Sales,Chennai,45143.5,23.7,,employee494@example.com,Left,Under Graduate,2.8642458100558663
 E0495 ,Anitha,23.0,Finance,Chennai,45143.5,40.0,2022-05-08,employee495@example.com,Active,Under Graduate,2.5
E0496,Priya,40.639296187683286,IT,Salem,120525.0,40.0,,,On Leave,Post Graduate,2.8642458100558663
 E0497 ,Kavin,40.639296187683286,Sales,Madurai,85860.0,25.875921375921376,,employee497@example.com,Resigned,Post Graduate,2.8642458100558663
E0498,Priya,50.0,Sales,Madurai,57737.0,40.0,,,Active,Post Graduate,2.8642458100558663
E0499,Nila,32.0,IT,Chennai,71583.0,25.875921375921376,,,Left,Under Graduate,2.8642458100558663
 E0500 ,Ahalya,28.0,HR,Chennai,45143.5,25.875921375921376,2022-02-06,employee500@example.com,On Leave,Diploma,2.8642458100558663
 E0501 ,Kavin,46.0,HR,Madurai,35031.0,25.875921375921376,,,Active,Post Graduate,2.8642458100558663
E0502,Meena,31.0,HR,Chennai,45143.5,40.0,,employee502@example.com,Resigned,Post Graduate,1.9
E0503,Vijay,40.639296187683286,HR,Chennai,88534.0,16.6,,,On Leave,Post Graduate,2.8642458100558663
E0504,Kavin,36.0,Marketing,Coimbatore,22204.0,25.875921375921376,2025-08-08,employee504@example.com,Active,Under Graduate,2.7
E0505,Rahul,40.639296187683286,Sales,Coimbatore,45143.5,40.0,2021-05-09,employee505@example.com,Active,Under Graduate,3.6
E0506,Divya,40.639296187683286,IT,Chennai,28652.0,25.875921375921376,,employee506@example.com,Active,Post Graduate,2.8642458100558663
E0507,Sanjay,31.0,HR,Bengaluru,70930.0,25.875921375921376,2022-12-11,,Active,Post Graduate,2.8642458100558663
 E0508 ,Arun,53.0,Sales,Madurai,45143.5,17.6,,employee508@example.com,Active,Under Graduate,2.8642458100558663
E0509,Meena,40.639296187683286,Sales,Chennai,46789.0,25.875921375921376,,,On Leave,Post Graduate,4.3
E0510,Rahul,40.639296187683286,HR,Chennai,45143.5,25.875921375921376,,,Active,Under Graduate,4.5
E0511,Kavin,24.0,Sales,Chennai,45143.5,25.875921375921376,,employee511@example.com,Left,Post Graduate,2.8642458100558663
 E0512 ,Divya,40.639296187683286,Sales,Coimbatore,45143.5,25.875921375921376,,employee512@example.com,Active,Under Graduate,2.8642458100558663
E0513,Rohan,40.639296187683286,HR,Salem,45000.0,25.875921375921376,,employee513@example.com,On Leave,Under Graduate,2.8642458100558663
E0514,Ahalya,40.639296187683286,Finance,Bengaluru,45143.5,40.0,2022-05-02,employee514@example.com,Active,Under Graduate,2.8642458100558663
E0515,Divya,40.639296187683286,IT,Bengaluru,45000.0,22.1,,employee515@example.com,Active,Post Graduate,3.8
 E0516 ,Vijay,48.0,Finance,Coimbatore,45000.0,25.875921375921376,,employee516@example.com,Left,Post Graduate,2.8642458100558663
E0517,Divya,21.0,IT,Salem,72122.0,14.7,,,On Leave,Post Graduate,2.8642458100558663
E0518,Sanjay,27.0,HR,Chennai,45143.5,40.0,,employee518@example.com,Active,Post Graduate,2.8642458100558663
 E0519 ,Vijay,40.639296187683286,IT,Coimbatore,45143.5,25.875921375921376,,employee519@example.com,Left,Under Graduate,2.8642458100558663
 E0520 ,Ahalya,40.639296187683286,HR,Madurai,46624.0,40.0,,employee520@example.com,Active,Under Graduate,3.7
 E0521 ,Sanjay,40.639296187683286,Sales,Hyderabad,19894.0,5.3,,,Resigned,Diploma,2.8642458100558663
E0522,Sanjay,40.639296187683286,Sales,Coimbatore,45143.5,25.875921375921376,,employee522@example.com,Active,Post Graduate,2.8642458100558663
E0523,Rahul,40.639296187683286,HR,Bengaluru,45143.5,25.875921375921376,,employee523@example.com,Active,Post Graduate,2.8642458100558663
E0524,Arun,40.639296187683286,HR,Chennai,82406.0,21.4,,,Active,Under Graduate,2.8642458100558663
E0525,Rohan,40.639296187683286,HR,Chennai,45000.0,25.875921375921376,,employee525@example.com,On Leave,Post Graduate,2.8642458100558663
E0526,Rohan,40.639296187683286,Sales,Madurai,82429.0,25.875921375921376,,,Active,Post Graduate,2.8642458100558663
E0527,Kavin,40.639296187683286,HR,Bengaluru,76602.0,7.3,,employee527@example.com,Active,Diploma,2.8642458100558663
E0528,Divya,21.0,HR,Chennai,45000.0,25.875921375921376,,employee528@example.com,Resigned,Post Graduate,2.8642458100558663
E0529,Rohan,52.0,HR,Salem,45143.5,7.1,,,Active,Post Graduate,2.8642458100558663
 E0530 ,Rohan,39.0,Sales,Salem,40014.0,25.875921375921376,,employee530@example.com,Active,Under Graduate,2.8642458100558663
E0531,Priya,40.639296187683286,Sales,Chennai,120593.0,25.875921375921376,2022-02-08,,Left,Under Graduate,2.8642458100558663
E0532,Vijay,49.0,HR,Coimbatore,45143.5,25.875921375921376,,,On Leave,Under Graduate,2.8642458100558663
E0533,Anitha,40.639296187683286,Sales,Madurai,142223.0,25.875921375921376,,,Active,Under Graduate,2.8642458100558663
E0534,Kavin,40.639296187683286,HR,Chennai,45000.0,40.0,,,Active,Under Graduate,2.8642458100558663
E0535,Rohan,40.639296187683286,Sales,Salem,55877.0,25.875921375921376,,,Active,Under Graduate,2.8642458100558663
E0536,Anitha,46.0,HR,Coimbatore,45143.5,25.875921375921376,,employee536@example.com,Active,Under Graduate,2.8642458100558663
 E0537 ,Nila,40.639296187683286,HR,Hyderabad,72061.0,14.1,,,Active,Post Graduate,2.8642458100558663
E0538,Kavin,40.639296187683286,Marketing,Chennai,84283.0,25.875921375921376,,employee538@example.com,Left,Under Graduate,2.8642458100558663
 E0539 ,Divya,40.639296187683286,Marketing,Coimbatore,45143.5,25.875921375921376,,,On Leave,Under Graduate,2.8642458100558663
 E0540 ,Priya,40.639296187683286,Sales,Hyderabad,29248.0,25.875921375921376,,employee540@example.com,On Leave,Under Graduate,2.8642458100558663
E0541,Arun,25.0,IT,Chennai,46833.0,8.2,,,Active,Under Graduate,2.8642458100558663
E0542,Rahul,45.0,HR,Salem,89006.0,25.875921375921376,,employee542@example.com,Left,Post Graduate,1.4
 E0543 ,Vijay,40.639296187683286,HR,Salem,65242.0,25.875921375921376,,,Active,Post Graduate,2.8642458100558663
E0544,Sanjay,40.639296187683286,HR,Chennai,26929.0,25.875921375921376,,,Resigned,Under Graduate,2.8642458100558663
E0545,Kavin,54.0,HR,Madurai,60001.0,25.875921375921376,,employee545@example.com,Active,Post Graduate,3.3
 E0546 ,Ahalya,40.639296187683286,HR,Madurai,75572.0,25.875921375921376,,employee546@example.com,Active,Post Graduate,2.8642458100558663
E0547,Rahul,36.0,HR,Bengaluru,45143.5,25.875921375921376,,employee547@example.com,Active,Under Graduate,2.8642458100558663
E0548,Anitha,40.639296187683286,HR,Hyderabad,45143.5,25.875921375921376,,employee548@example.com,Left,Diploma,2.8642458100558663
E0549,Ahalya,40.639296187683286,Sales,Coimbatore,45143.5,40.0,,,On Leave,Diploma,2.8642458100558663
 E0550 ,Divya,52.0,Sales,Salem,58294.0,22.8,,employee550@example.com,Resigned,Under Graduate,2.8642458100558663
E0551,Arun,40.639296187683286,IT,Chennai,45143.5,40.0,,employee551@example.com,Active,Under Graduate,2.8642458100558663
E0552,Rohan,31.0,HR,Bengaluru,82822.0,24.6,,,On Leave,Post Graduate,2.8642458100558663
E0553,Rahul,29.0,Sales,Chennai,45143.5,8.6,,employee553@example.com,On Leave,Under Graduate,2.8642458100558663
E0554,Divya,40.639296187683286,IT,Chennai,45143.5,6.2,,employee554@example.com,Active,Post Graduate,2.8642458100558663
 E0555 ,Ahalya,40.639296187683286,HR,Madurai,56987.0,3.3,,employee555@example.com,Active,Under Graduate,2.8642458100558663
E0556,Meena,40.639296187683286,Sales,Salem,45000.0,40.0,,,Resigned,Post Graduate,2.8642458100558663
E0557,Kavin,24.0,Sales,Coimbatore,26832.0,25.875921375921376,,,Left,Under Graduate,2.8642458100558663
E0558,Anitha,27.0,IT,Madurai,45143.5,25.875921375921376,,,On Leave,Under Graduate,2.8642458100558663
 E0559 ,Rohan,59.0,Finance,Madurai,45287.0,11.1,,,Active,Under Graduate,2.8642458100558663
 E0560 ,Divya,40.639296187683286,Finance,Chennai,45000.0,15.7,,employee560@example.com,Active,Post Graduate,2.8642458100558663
E0561,Sanjay,40.639296187683286,Finance,Hyderabad,44928.0,40.0,,employee561@example.com,On Leave,Under Graduate,2.8642458100558663
 E0562 ,Rohan,40.639296187683286,IT,Chennai,45143.5,25.875921375921376,,employee562@example.com,Active,Post Graduate,2.8642458100558663
E0563,Kavin,23.0,HR,Bengaluru,45143.5,6.8,2024-08-08,employee563@example.com,Resigned,Diploma,2.8642458100558663
E0564,Meena,40.639296187683286,HR,Salem,95305.0,15.6,,employee564@example.com,Active,Post Graduate,2.8642458100558663
E0565,Sanjay,45.0,IT,Hyderabad,45000.0,25.875921375921376,,,Resigned,Post Graduate,4.6
 E0566 ,Priya,40.639296187683286,HR,Hyderabad,45143.5,25.875921375921376,,employee566@example.com,Left,Under Graduate,2.8642458100558663
 E0567 ,Ahalya,50.0,HR,Chennai,33137.0,13.2,,,Active,Post Graduate,2.0
E0568,Sanjay,30.0,HR,Chennai,21538.0,25.875921375921376,,employee568@example.com,Active,Diploma,2.8642458100558663
E0569,Divya,40.639296187683286,HR,Chennai,88112.0,20.6,,employee569@example.com,Left,Under Graduate,2.8642458100558663
E0570,Kavin,43.0,IT,Bengaluru,49607.0,9.6,2023-05-10,employee570@example.com,Active,Post Graduate,2.8642458100558663
E0571,Anitha,40.639296187683286,IT,Salem,45000.0,25.875921375921376,,employee571@example.com,Resigned,Under Graduate,2.8642458100558663
 E0572 ,Rohan,37.0,Finance,Chennai,45143.5,25.875921375921376,,,Active,Post Graduate,2.8642458100558663
E0573,Anitha,40.639296187683286,Sales,Coimbatore,45000.0,40.0,,,Left,Under Graduate,2.8642458100558663
E0574,Kavin,40.639296187683286,IT,Bengaluru,78323.0,40.0,,employee574@example.com,Active,Post Graduate,5.0
 E0575 ,Priya,40.639296187683286,Finance,Hyderabad,53020.0,25.875921375921376,2025-05-10,,Left,Post Graduate,4.3
E0576,Vijay,28.0,HR,Chennai,69474.0,40.0,,employee576@example.com,Active,Under Graduate,2.8642458100558663
 E0577 ,Divya,26.0,Sales,Chennai,45143.5,40.0,2025-03-03,,Active,Diploma,1.4
E0578,Nila,40.639296187683286,IT,Madurai,149935.0,40.0,,,On Leave,Post Graduate,2.1
E0579,Sanjay,40.639296187683286,Finance,Bengaluru,45143.5,40.0,,employee579@example.com,On Leave,Under Graduate,2.8642458100558663
E0580,Nila,40.639296187683286,HR,Chennai,46416.0,25.875921375921376,,,Left,Post Graduate,2.8642458100558663
E0581,Ahalya,40.639296187683286,Sales,Chennai,45143.5,25.875921375921376,,,Left,Under Graduate,2.8642458100558663
 E0582 ,Rohan,40.639296187683286,Finance,Chennai,71202.0,25.875921375921376,,,Active,Under Graduate,2.8642458100558663
E0583,Anitha,51.0,Marketing,Coimbatore,45143.5,17.1,,employee583@example.com,Active,Post Graduate,2.8642458100558663
E0584,Vijay,40.639296187683286,HR,Chennai,45143.5,40.0,,employee584@example.com,Active,Post Graduate,2.8642458100558663
E0585,Meena,40.639296187683286,HR,Bengaluru,45000.0,25.875921375921376,,employee585@example.com,Resigned,Under Graduate,2.8642458100558663
 E0586 ,Divya,40.639296187683286,HR,Coimbatore,133879.0,40.0,,,Active,Diploma,2.8642458100558663
E0587,Nila,41.0,HR,Coimbatore,45000.0,6.6,,employee587@example.com,Active,Diploma,2.8642458100558663
E0588,Kavin,40.639296187683286,HR,Chennai,80591.0,40.0,,,On Leave,Under Graduate,2.8642458100558663
E0589,Priya,40.639296187683286,Finance,Coimbatore,47870.0,18.5,,employee589@example.com,Left,Diploma,2.8642458100558663
 E0590 ,Anitha,40.639296187683286,HR,Chennai,45143.5,1.4,,,Active,Under Graduate,2.1
 E0591 ,Priya,40.639296187683286,IT,Bengaluru,45143.5,20.8,,,On Leave,Under Graduate,2.8642458100558663
 E0592 ,Anitha,43.0,Sales,Chennai,45143.5,25.875921375921376,,employee592@example.com,Active,Under Graduate,2.8642458100558663
E0593,Vijay,28.0,HR,Chennai,45143.5,40.0,,,Left,Post Graduate,2.8642458100558663
 E0594 ,Rahul,40.639296187683286,HR,Salem,45143.5,25.875921375921376,,employee594@example.com,Left,Post Graduate,4.3
E0595,Sanjay,40.639296187683286,Sales,Bengaluru,45143.5,40.0,,employee595@example.com,Active,Post Graduate,2.8642458100558663
E0596,Ahalya,40.639296187683286,HR,Hyderabad,57125.0,15.5,,employee596@example.com,Active,Under Graduate,2.8642458100558663
E0597,Sanjay,27.0,Finance,Hyderabad,45143.5,25.875921375921376,,employee597@example.com,Active,Post Graduate,4.4
 E0598 ,Divya,40.639296187683286,Marketing,Madurai,45143.5,25.875921375921376,,,Active,Under Graduate,1.1
E0599,Vijay,40.639296187683286,Marketing,Hyderabad,45143.5,40.0,,,Active,Post Graduate,2.8642458100558663
E0600,Meena,40.639296187683286,Finance,Coimbatore,45143.5,25.875921375921376,,,Resigned,Post Graduate,1.4
E0601,Rohan,21.0,HR,Chennai,45143.5,17.7,,employee601@example.com,Resigned,Post Graduate,2.8642458100558663
E0602,Vijay,40.639296187683286,HR,Chennai,45143.5,25.875921375921376,,employee602@example.com,Active,Post Graduate,2.8642458100558663
E0603,Divya,40.639296187683286,HR,Chennai,45000.0,25.875921375921376,,,Active,Post Graduate,2.8642458100558663
E0604,Rahul,40.639296187683286,Sales,Chennai,65135.0,25.875921375921376,,employee604@example.com,Active,Post Graduate,2.8642458100558663
E0605,Ahalya,40.639296187683286,Sales,Coimbatore,45143.5,25.875921375921376,,employee605@example.com,Left,Under Graduate,2.8642458100558663
E0606,Divya,40.639296187683286,IT,Salem,45143.5,25.875921375921376,,,Active,Post Graduate,2.8642458100558663
E0607,Rohan,40.639296187683286,IT,Bengaluru,45143.5,40.0,,,Active,Post Graduate,2.8642458100558663
 E0608 ,Vijay,40.639296187683286,Marketing,Bengaluru,45143.5,25.875921375921376,,,On Leave,Under Graduate,2.8642458100558663
E0609,Rahul,40.639296187683286,HR,Bengaluru,45143.5,25.875921375921376,,employee609@example.com,Left,Under Graduate,2.8642458100558663
E0610,Vijay,35.0,Marketing,Chennai,45143.5,25.875921375921376,,,On Leave,Post Graduate,2.8642458100558663
 E0611 ,Priya,40.639296187683286,HR,Bengaluru,45000.0,25.875921375921376,,employee611@example.com,On Leave,Post Graduate,2.8642458100558663
 E0612 ,Anitha,22.0,HR,Chennai,45143.5,40.0,,employee612@example.com,Active,Under Graduate,2.8642458100558663
 E0613 ,Meena,40.639296187683286,Finance,Chennai,108655.0,25.875921375921376,,employee613@example.com,Active,Diploma,4.8
E0614,Rohan,22.0,Sales,Chennai,20725.0,40.0,2022-09-04,employee614@example.com,Active,Diploma,4.5
E0615,Sanjay,40.639296187683286,HR,Coimbatore,45143.5,40.0,2022-07-07,employee615@example.com,Resigned,Post Graduate,2.8642458100558663
E0616,Meena,40.639296187683286,IT,Chennai,82642.0,25.875921375921376,,employee616@example.com,Resigned,Post Graduate,2.8642458100558663
 E0617 ,Kavin,34.0,Sales,Madurai,45143.5,25.875921375921376,,employee617@example.com,Resigned,Diploma,2.8642458100558663
E0618,Kavin,40.639296187683286,IT,Hyderabad,45000.0,25.875921375921376,,,Active,Post Graduate,2.8642458100558663
 E0619 ,Anitha,40.639296187683286,Finance,Chennai,45143.5,40.0,,employee619@example.com,Resigned,Diploma,2.8642458100558663
 E0620 ,Rahul,40.639296187683286,HR,Chennai,45000.0,25.875921375921376,,,On Leave,Post Graduate,2.8642458100558663
E0621,Arun,40.639296187683286,HR,Madurai,45143.5,25.875921375921376,,employee621@example.com,Active,Under Graduate,2.8642458100558663
E0622,Rohan,38.0,IT,Chennai,45143.5,40.0,,employee622@example.com,Left,Post Graduate,2.8642458100558663
E0623,Rahul,40.639296187683286,Marketing,Chennai,45143.5,25.875921375921376,,employee623@example.com,Active,Post Graduate,2.8642458100558663
E0624,Ahalya,21.0,HR,Bengaluru,45143.5,25.875921375921376,,employee624@example.com,Active,Post Graduate,2.8642458100558663
E0625,Meena,51.0,Sales,Chennai,45143.5,25.875921375921376,,employee625@example.com,Active,Post Graduate,2.8642458100558663
E0626,Meena,40.639296187683286,Marketing,Chennai,113496.0,25.875921375921376,,,Active,Under Graduate,2.8642458100558663
 E0627 ,Anitha,43.0,Marketing,Chennai,45143.5,5.2,,employee627@example.com,Active,Diploma,2.8642458100558663
 E0628 ,Sanjay,40.639296187683286,HR,Bengaluru,45143.5,25.875921375921376,,employee628@example.com,Left,Under Graduate,2.8642458100558663
E0629,Meena,50.0,HR,Chennai,45143.5,25.875921375921376,,,Active,Post Graduate,2.8642458100558663
 E0630 ,Meena,40.639296187683286,Finance,Coimbatore,45000.0,8.8,,employee630@example.com,Active,Post Graduate,2.8642458100558663
 E0631 ,Kavin,48.0,IT,Salem,94232.0,25.875921375921376,,,Left,Post Graduate,2.8642458100558663
 E0632 ,Vijay,29.0,Marketing,Chennai,45143.5,25.875921375921376,,employee632@example.com,Active,Under Graduate,2.8642458100558663
 E0633 ,Divya,40.639296187683286,Sales,Chennai,45143.5,25.875921375921376,,,Active,Post Graduate,2.8642458100558663
E0634,Divya,40.639296187683286,HR,Hyderabad,45143.5,25.875921375921376,,,Active,Under Graduate,2.8642458100558663
E0635,Rahul,50.0,HR,Chennai,55412.0,25.875921375921376,,,Active,Post Graduate,2.8642458100558663
E0636,Kavin,40.639296187683286,HR,Coimbatore,45143.5,15.7,,employee636@example.com,Active,Post Graduate,2.8642458100558663
E0637,Nila,27.0,IT,Chennai,134343.0,25.875921375921376,,employee637@example.com,Active,Under Graduate,1.6
 E0638 ,Meena,30.0,Marketing,Chennai,45143.5,25.875921375921376,,,Active,Diploma,2.8642458100558663
E0639,Vijay,40.639296187683286,IT,Chennai,45143.5,40.0,,,Active,Under Graduate,2.8642458100558663
 E0640 ,Rohan,50.0,Finance,Hyderabad,138153.0,25.875921375921376,,employee640@example.com,Active,Post Graduate,2.8642458100558663
 E0641 ,Vijay,40.639296187683286,Marketing,Coimbatore,56482.0,40.0,,,Left,Post Graduate,2.8642458100558663
 E0642 ,Anitha,40.639296187683286,Finance,Bengaluru,123846.0,25.875921375921376,,employee642@example.com,Left,Post Graduate,4.2
 E0643 ,Vijay,40.639296187683286,Marketing,Chennai,45143.5,6.3,,,Active,Diploma,2.8642458100558663
 E0644 ,Nila,29.0,IT,Chennai,45143.5,25.875921375921376,2022-07-04,employee644@example.com,Active,Post Graduate,4.8
E0645,Arun,40.639296187683286,HR,Chennai,45000.0,14.2,,,Resigned,Diploma,2.8642458100558663
E0646,Kavin,40.639296187683286,Finance,Madurai,130069.0,25.875921375921376,,,Active,Post Graduate,3.2
E0647,Vijay,40.639296187683286,IT,Salem,120347.0,25.875921375921376,,employee647@example.com,On Leave,Post Graduate,1.2
E0648,Nila,40.639296187683286,Sales,Chennai,45143.5,25.875921375921376,,employee648@example.com,Left,Under Graduate,2.8642458100558663
E0649,Meena,40.639296187683286,HR,Chennai,45143.5,18.5,,,Active,Under Graduate,2.8642458100558663
E0650,Anitha,40.639296187683286,HR,Chennai,77704.0,25.875921375921376,,,Active,Under Graduate,2.8642458100558663
E0651,Rahul,40.639296187683286,Sales,Chennai,45000.0,25.875921375921376,,,Left,Post Graduate,1.4
 E0652 ,Priya,47.0,IT,Chennai,21952.0,6.2,,employee652@example.com,Resigned,Diploma,2.8642458100558663
 E0653 ,Rohan,40.639296187683286,Sales,Madurai,82744.0,3.1,,employee653@example.com,Active,Post Graduate,2.8642458100558663
 E0654 ,Divya,39.0,HR,Chennai,45143.5,25.875921375921376,,employee654@example.com,Left,Under Graduate,2.8642458100558663
E0655,Sanjay,40.639296187683286,HR,Chennai,45143.5,25.875921375921376,,,Active,Under Graduate,2.8642458100558663
 E0656 ,Ahalya,45.0,IT,Madurai,45143.5,9.6,,,On Leave,Post Graduate,2.8642458100558663
E0657,Rahul,24.0,HR,Hyderabad,45143.5,25.875921375921376,,employee657@example.com,On Leave,Post Graduate,4.7
E0658,Divya,40.639296187683286,Finance,Madurai,45000.0,25.875921375921376,,,Active,Under Graduate,2.8642458100558663
E0659,Meena,40.639296187683286,Marketing,Chennai,45143.5,25.875921375921376,,,Active,Diploma,2.8642458100558663
E0660,Nila,40.639296187683286,IT,Hyderabad,45000.0,0.2,,,Active,Post Graduate,2.8642458100558663
E0661,Anitha,40.639296187683286,HR,Coimbatore,45143.5,25.875921375921376,,employee661@example.com,Active,Post Graduate,1.5
E0662,Anitha,40.639296187683286,Sales,Chennai,45143.5,17.9,,,Left,Diploma,2.8642458100558663
E0663,Divya,40.639296187683286,IT,Coimbatore,45143.5,25.875921375921376,,employee663@example.com,Active,Diploma,2.8642458100558663
E0664,Vijay,47.0,HR,Chennai,45143.5,25.875921375921376,,,Left,Diploma,2.8642458100558663
E0665,Vijay,40.639296187683286,Finance,Hyderabad,24272.0,40.0,,employee665@example.com,Active,Post Graduate,2.8642458100558663
E0666,Rahul,40.639296187683286,IT,Chennai,45143.5,25.875921375921376,,,Resigned,Post Graduate,2.8642458100558663
 E0667 ,Divya,40.639296187683286,IT,Coimbatore,45143.5,25.875921375921376,,employee667@example.com,Left,Under Graduate,2.8642458100558663
E0668,Arun,40.639296187683286,HR,Chennai,107540.0,40.0,2023-01-11,,Active,Post Graduate,2.8642458100558663
E0669,Nila,51.0,Finance,Hyderabad,44475.0,20.8,,employee669@example.com,On Leave,Diploma,2.8642458100558663
E0670,Rahul,36.0,Finance,Hyderabad,45143.5,15.2,,employee670@example.com,Active,Post Graduate,2.8642458100558663
E0671,Anitha,29.0,Finance,Hyderabad,66090.0,3.8,,,Resigned,Under Graduate,2.8642458100558663
 E0672 ,Rahul,40.639296187683286,Sales,Bengaluru,45143.5,25.875921375921376,,,Active,Post Graduate,2.8642458100558663
 E0673 ,Arun,40.639296187683286,HR,Salem,45143.5,7.1,,,Left,Post Graduate,2.8642458100558663
E0674,Sanjay,38.0,HR,Bengaluru,45143.5,0.7,,employee674@example.com,Left,Diploma,2.8642458100558663
 E0675 ,Kavin,40.639296187683286,HR,Salem,45143.5,22.9,,,Active,Diploma,2.8642458100558663
E0676,Divya,40.639296187683286,HR,Bengaluru,45000.0,25.875921375921376,,,Left,Post Graduate,3.6
E0677,Sanjay,40.639296187683286,IT,Coimbatore,48863.0,40.0,,employee677@example.com,Left,Post Graduate,2.8642458100558663
E0678,Divya,40.639296187683286,Marketing,Madurai,45143.5,25.875921375921376,,,Resigned,Under Graduate,2.8642458100558663
E0679,Arun,40.639296187683286,HR,Salem,84254.0,25.875921375921376,,,On Leave,Under Graduate,2.8642458100558663
E0680,Divya,40.639296187683286,Marketing,Madurai,45143.5,25.875921375921376,,,Active,Diploma,2.8642458100558663
 E0681 ,Meena,40.639296187683286,HR,Salem,54289.0,40.0,,,Active,Post Graduate,1.9
E0682,Vijay,40.639296187683286,Finance,Chennai,45143.5,5.2,,,Active,Under Graduate,2.8642458100558663
E0683,Arun,43.0,IT,Coimbatore,45143.5,25.875921375921376,,,Resigned,Diploma,2.8642458100558663
 E0684 ,Ahalya,36.0,IT,Madurai,23250.0,40.0,,,Active,Diploma,2.8642458100558663
E0685,Rohan,29.0,HR,Hyderabad,88778.0,40.0,,employee685@example.com,Left,Post Graduate,2.8642458100558663
 E0686 ,Meena,53.0,Sales,Chennai,45143.5,11.5,,,Left,Under Graduate,2.8642458100558663
 E0687 ,Arun,40.639296187683286,HR,Chennai,82124.0,40.0,,employee687@example.com,On Leave,Post Graduate,2.8642458100558663
E0688,Sanjay,27.0,HR,Madurai,45143.5,20.2,,employee688@example.com,Active,Post Graduate,2.8642458100558663
 E0689 ,Rohan,40.639296187683286,HR,Hyderabad,45143.5,25.875921375921376,2025-05-09,employee689@example.com,Active,Diploma,2.8642458100558663
E0690,Divya,40.639296187683286,HR,Hyderabad,45143.5,40.0,,employee690@example.com,Active,Under Graduate,1.6
 E0691 ,Ahalya,40.639296187683286,IT,Chennai,45000.0,25.875921375921376,,,On Leave,Diploma,2.8642458100558663
E0692,Vijay,40.639296187683286,IT,Chennai,45143.5,25.875921375921376,,,Active,Post Graduate,2.8642458100558663
 E0693 ,Rohan,54.0,IT,Madurai,45143.5,25.875921375921376,,employee693@example.com,Active,Post Graduate,2.8
 E0694 ,Meena,40.639296187683286,Sales,Salem,45143.5,25.875921375921376,,employee694@example.com,Resigned,Post Graduate,2.8642458100558663
E0695,Kavin,55.0,HR,Hyderabad,45143.5,25.875921375921376,,,Resigned,Post Graduate,2.8642458100558663
E0696,Priya,38.0,Finance,Chennai,45143.5,25.875921375921376,,employee696@example.com,Resigned,Under Graduate,4.6
 E0697 ,Divya,40.639296187683286,Finance,Bengaluru,45143.5,7.6,,,Left,Post Graduate,2.3
E0698,Divya,40.639296187683286,Marketing,Bengaluru,45000.0,40.0,,employee698@example.com,Active,Under Graduate,2.8642458100558663
E0699,Arun,40.639296187683286,HR,Salem,45143.5,4.5,,,Resigned,Under Graduate,2.8642458100558663
 E0700 ,Anitha,40.639296187683286,HR,Chennai,24394.0,40.0,,,Active,Post Graduate,2.8642458100558663
E0701,Divya,51.0,HR,Chennai,45143.5,25.875921375921376,,employee701@example.com,Active,Post Graduate,2.8642458100558663
E0702,Ahalya,40.639296187683286,Marketing,Hyderabad,45143.5,25.875921375921376,,,On Leave,Post Graduate,3.7
E0703,Anitha,40.639296187683286,HR,Salem,45143.5,25.875921375921376,,,Left,Post Graduate,2.8642458100558663
 E0704 ,Vijay,57.0,Marketing,Chennai,40569.0,2.9,,employee704@example.com,Active,Under Graduate,2.8642458100558663
E0705,Divya,26.0,IT,Coimbatore,60341.0,25.875921375921376,2025-11-03,,Left,Post Graduate,2.8642458100558663
 E0706 ,Vijay,40.639296187683286,Sales,Bengaluru,45143.5,40.0,,,Active,Post Graduate,2.8642458100558663
E0707,Nila,40.639296187683286,IT,Salem,47611.0,25.875921375921376,,,Left,Under Graduate,2.0
 E0708 ,Rohan,40.639296187683286,HR,Bengaluru,45143.5,25.875921375921376,,employee708@example.com,Active,Post Graduate,2.8642458100558663
E0709,Sanjay,40.639296187683286,HR,Hyderabad,45143.5,25.875921375921376,,,On Leave,Under Graduate,2.8642458100558663
 E0710 ,Divya,40.639296187683286,IT,Hyderabad,45143.5,25.875921375921376,,employee710@example.com,Active,Post Graduate,2.8642458100558663
E0711,Rahul,40.639296187683286,Finance,Hyderabad,37025.0,8.3,,,Active,Under Graduate,2.8642458100558663
E0712,Anitha,40.639296187683286,Finance,Bengaluru,45143.5,25.875921375921376,,employee712@example.com,Active,Under Graduate,1.6
 E0713 ,Priya,56.0,Sales,Coimbatore,45000.0,40.0,,employee713@example.com,On Leave,Diploma,2.8642458100558663
E0714,Rahul,40.639296187683286,Sales,Bengaluru,45000.0,25.875921375921376,,employee714@example.com,Active,Post Graduate,2.8642458100558663
E0715,Priya,40.639296187683286,Sales,Coimbatore,149058.0,40.0,,,Left,Diploma,2.8642458100558663
E0716,Rohan,40.639296187683286,HR,Hyderabad,45000.0,17.1,,,Active,Post Graduate,2.8642458100558663
 E0717 ,Meena,45.0,Marketing,Chennai,45000.0,40.0,,,Active,Post Graduate,2.8642458100558663
E0718,Rahul,40.639296187683286,HR,Salem,45000.0,40.0,,employee718@example.com,Left,Post Graduate,2.8642458100558663
 E0719 ,Divya,40.639296187683286,Sales,Salem,91849.0,40.0,,,Active,Post Graduate,2.8642458100558663
E0720,Rohan,43.0,Sales,Madurai,45143.5,25.875921375921376,,employee720@example.com,Active,Under Graduate,2.8642458100558663
E0721,Kavin,40.639296187683286,Sales,Bengaluru,45000.0,25.875921375921376,,,Active,Post Graduate,3.4
E0722,Meena,53.0,Marketing,Chennai,64272.0,40.0,,employee722@example.com,On Leave,Under Graduate,2.8642458100558663
E0723,Rohan,40.639296187683286,HR,Salem,45143.5,25.875921375921376,,,Active,Post Graduate,2.8642458100558663
E0724,Anitha,39.0,Sales,Chennai,124740.0,25.875921375921376,,,Left,Post Graduate,2.8642458100558663
 E0725 ,Nila,40.639296187683286,HR,Bengaluru,45143.5,25.875921375921376,,,Resigned,Diploma,2.8642458100558663
E0726,Vijay,50.0,HR,Chennai,45143.5,40.0,,employee726@example.com,Resigned,Under Graduate,2.8642458100558663
E0727,Rahul,40.639296187683286,HR,Hyderabad,79178.0,25.875921375921376,,employee727@example.com,On Leave,Under Graduate,2.8642458100558663
E0728,Kavin,40.639296187683286,HR,Salem,45000.0,15.2,,employee728@example.com,Active,Post Graduate,2.8642458100558663
E0729,Nila,40.639296187683286,Finance,Hyderabad,45143.5,25.875921375921376,,,Left,Under Graduate,2.8642458100558663
E0730,Kavin,40.639296187683286,Sales,Hyderabad,45143.5,25.875921375921376,,employee730@example.com,On Leave,Under Graduate,1.8
E0731,Arun,40.639296187683286,HR,Chennai,45143.5,40.0,,,Active,Diploma,2.8642458100558663
 E0732 ,Priya,40.639296187683286,IT,Chennai,45000.0,25.875921375921376,,employee732@example.com,Active,Post Graduate,2.8642458100558663
E0733,Arun,40.639296187683286,Finance,Chennai,45000.0,12.5,,,Active,Post Graduate,2.8642458100558663
 E0734 ,Sanjay,40.639296187683286,HR,Salem,45143.5,25.875921375921376,,employee734@example.com,On Leave,Post Graduate,2.8642458100558663
E0735,Priya,53.0,Sales,Hyderabad,133355.0,25.875921375921376,,employee735@example.com,Resigned,Post Graduate,2.8642458100558663
 E0736 ,Meena,34.0,Finance,Bengaluru,45000.0,40.0,,,Active,Post Graduate,2.8642458100558663
 E0737 ,Rohan,40.639296187683286,HR,Salem,45143.5,25.875921375921376,,,Active,Post Graduate,2.8642458100558663
E0738,Vijay,40.639296187683286,HR,Salem,45143.5,15.9,2025-09-10,,Resigned,Post Graduate,2.8642458100558663
 E0739 ,Sanjay,40.639296187683286,Marketing,Coimbatore,65116.0,25.875921375921376,,,Active,Post Graduate,2.8642458100558663
 E0740 ,Sanjay,40.639296187683286,Finance,Chennai,45143.5,25.875921375921376,,employee740@example.com,Left,Post Graduate,1.8
 E0741 ,Vijay,40.639296187683286,Finance,Madurai,45143.5,25.875921375921376,,employee741@example.com,Left,Diploma,2.8642458100558663
E0742,Arun,35.0,HR,Coimbatore,137554.0,25.875921375921376,,employee742@example.com,Left,Under Graduate,2.8642458100558663
 E0743 ,Kavin,40.639296187683286,Finance,Chennai,45143.5,22.0,,employee743@example.com,Active,Post Graduate,2.8642458100558663
E0744,Anitha,40.639296187683286,HR,Chennai,45143.5,10.7,,employee744@example.com,Active,Diploma,2.8642458100558663
E0745,Arun,52.0,Sales,Salem,45143.5,25.875921375921376,,,Left,Post Graduate,2.8642458100558663
 E0746 ,Rahul,40.639296187683286,Marketing,Coimbatore,45143.5,40.0,,employee746@example.com,Left,Under Graduate,2.8642458100558663
E0747,Anitha,40.639296187683286,HR,Bengaluru,45000.0,25.875921375921376,,employee747@example.com,Active,Post Graduate,2.8642458100558663
E0748,Meena,60.0,Finance,Salem,45143.5,25.875921375921376,,,Resigned,Post Graduate,2.8642458100558663
E0749,Priya,40.639296187683286,Finance,Salem,45000.0,40.0,,,Active,Post Graduate,2.8642458100558663
E0750,Nila,39.0,Finance,Salem,45000.0,25.875921375921376,,employee750@example.com,Active,Under Graduate,2.8642458100558663
E0751,Kavin,40.639296187683286,HR,Bengaluru,71126.0,40.0,,,Left,Post Graduate,2.8642458100558663
E0752,Arun,40.639296187683286,Finance,Chennai,62538.0,25.875921375921376,,,Active,Post Graduate,2.8642458100558663
 E0753 ,Rohan,40.639296187683286,IT,Coimbatore,45143.5,19.3,,,Resigned,Under Graduate,2.8642458100558663
 E0754 ,Divya,33.0,Finance,Chennai,45143.5,18.7,,,Active,Post Graduate,2.8642458100558663
E0755,Kavin,40.639296187683286,Finance,Coimbatore,45143.5,14.4,,employee755@example.com,Active,Post Graduate,2.8642458100558663
E0756,Anitha,25.0,HR,Bengaluru,45000.0,25.875921375921376,,employee756@example.com,Active,Post Graduate,2.8642458100558663
 E0757 ,Priya,40.639296187683286,IT,Madurai,45143.5,20.7,,,Resigned,Post Graduate,2.8642458100558663
E0758,Nila,43.0,Sales,Chennai,45143.5,25.875921375921376,,employee758@example.com,Resigned,Diploma,2.8642458100558663
E0759,Sanjay,40.639296187683286,HR,Hyderabad,45143.5,25.875921375921376,,employee759@example.com,Active,Under Graduate,2.8642458100558663
E0760,Nila,40.639296187683286,HR,Chennai,45143.5,40.0,,employee760@example.com,Active,Post Graduate,2.8642458100558663
 E0761 ,Meena,43.0,Finance,Chennai,45143.5,5.3,,,Active,Under Graduate,2.8642458100558663
 E0762 ,Ahalya,40.639296187683286,IT,Bengaluru,112474.0,25.875921375921376,,,Active,Post Graduate,2.8642458100558663
E0763,Anitha,40.639296187683286,IT,Bengaluru,38378.0,11.7,,employee763@example.com,On Leave,Post Graduate,2.8642458100558663
 E0764 ,Anitha,30.0,Sales,Salem,65609.0,19.7,,,Resigned,Under Graduate,2.8642458100558663
E0765,Kavin,22.0,HR,Bengaluru,55838.0,25.875921375921376,,employee765@example.com,Left,Under Graduate,2.7
 E0766 ,Priya,40.639296187683286,Sales,Bengaluru,45143.5,21.4,,,Active,Under Graduate,2.8642458100558663
E0767,Kavin,40.639296187683286,IT,Madurai,45143.5,16.5,,,Left,Post Graduate,2.8642458100558663
E0768,Ahalya,50.0,IT,Coimbatore,45143.5,25.875921375921376,,,Active,Post Graduate,2.8642458100558663
 E0769 ,Arun,40.639296187683286,Finance,Salem,45000.0,25.875921375921376,,,Active,Under Graduate,2.8642458100558663
E0770,Meena,40.639296187683286,HR,Bengaluru,45000.0,40.0,,,On Leave,Post Graduate,2.8642458100558663
 E0771 ,Divya,40.639296187683286,Finance,Chennai,137913.0,25.875921375921376,,,Active,Under Graduate,2.8642458100558663
E0772,Nila,30.0,Finance,Chennai,45143.5,25.875921375921376,,employee772@example.com,Resigned,Post Graduate,2.8642458100558663
E0773,Meena,40.639296187683286,HR,Hyderabad,41710.0,25.875921375921376,2022-09-04,,Left,Under Graduate,2.8642458100558663
E0774,Vijay,40.639296187683286,HR,Chennai,53683.0,25.875921375921376,,employee774@example.com,Active,Under Graduate,2.8642458100558663
E0775,Meena,40.639296187683286,HR,Hyderabad,45000.0,25.875921375921376,,employee775@example.com,Active,Post Graduate,2.8642458100558663
E0776,Vijay,40.639296187683286,Finance,Madurai,90212.0,25.875921375921376,,employee776@example.com,Active,Diploma,2.8642458100558663
,Sanjay,40.639296187683286,Sales,Coimbatore,45143.5,23.7,,employee777@example.com,Active,Diploma,1.9
 E0778 ,Rohan,40.639296187683286,IT,Salem,51626.0,40.0,,employee778@example.com,Resigned,Under Graduate,2.8642458100558663
E0779,Rohan,43.0,Finance,Hyderabad,45143.5,25.875921375921376,,,On Leave,Under Graduate,2.8642458100558663
 E0780 ,Anitha,27.0,Finance,Chennai,45143.5,25.875921375921376,,employee780@example.com,Active,Under Graduate,2.8642458100558663
E0781,Sanjay,40.639296187683286,IT,Bengaluru,23164.0,23.6,,employee781@example.com,Resigned,Diploma,2.8642458100558663
E0782,Nila,38.0,Marketing,Bengaluru,80057.0,25.875921375921376,,employee782@example.com,On Leave,Diploma,2.8642458100558663
 E0783 ,Vijay,40.639296187683286,Finance,Coimbatore,45143.5,20.7,,,On Leave,Post Graduate,2.8642458100558663
E0784,Rohan,40.639296187683286,Marketing,Salem,45143.5,8.1,,,Active,Under Graduate,3.5
 E0785 ,Kavin,33.0,IT,Chennai,45143.5,25.875921375921376,,employee785@example.com,Resigned,Post Graduate,2.8
E0786,Arun,40.639296187683286,HR,Chennai,45000.0,25.875921375921376,,,Left,Post Graduate,2.8642458100558663
E0787,Meena,40.639296187683286,Sales,Salem,45143.5,25.875921375921376,,,On Leave,Diploma,2.8642458100558663
E0788,Nila,40.639296187683286,Finance,Bengaluru,45143.5,25.875921375921376,,employee788@example.com,Active,Post Graduate,2.8642458100558663
E0789,Ahalya,40.639296187683286,Finance,Chennai,45000.0,40.0,,employee789@example.com,Active,Diploma,2.8642458100558663
 E0790 ,Arun,25.0,Marketing,Chennai,53031.0,25.875921375921376,,employee790@example.com,Left,Post Graduate,2.8642458100558663
E0791,Rahul,40.639296187683286,HR,Chennai,45143.5,25.875921375921376,,employee791@example.com,Active,Post Graduate,2.8642458100558663
E0792,Kavin,40.639296187683286,Sales,Hyderabad,65013.0,40.0,,,On Leave,Under Graduate,2.8642458100558663
 E0793 ,Divya,42.0,IT,Madurai,45143.5,25.875921375921376,,employee793@example.com,Resigned,Post Graduate,2.8642458100558663
E0794,Ahalya,40.639296187683286,Finance,Chennai,45143.5,25.875921375921376,,employee794@example.com,Active,Diploma,2.5
 E0795 ,Kavin,40.639296187683286,Marketing,Coimbatore,45143.5,40.0,,employee795@example.com,Resigned,Post Graduate,2.8642458100558663
 E0796 ,Kavin,40.639296187683286,Sales,Coimbatore,45143.5,25.875921375921376,,,Active,Under Graduate,2.8642458100558663
 E0797 ,Priya,40.639296187683286,IT,Chennai,45000.0,25.875921375921376,,employee797@example.com,Left,Under Graduate,1.2
 E0798 ,Rahul,51.0,HR,Chennai,45143.5,25.875921375921376,,employee798@example.com,Left,Diploma,2.8642458100558663
 E0799 ,Sanjay,40.639296187683286,IT,Chennai,39597.0,25.875921375921376,,,Active,Post Graduate,2.8642458100558663
E0800,Rahul,40.639296187683286,Finance,Chennai,61111.0,1.2,,,On Leave,Post Graduate,2.8642458100558663
E0801,Rohan,44.0,IT,Chennai,29723.0,25.875921375921376,2026-02-01,,Left,Post Graduate,3.6
 E0802 ,Divya,40.639296187683286,HR,Coimbatore,48495.0,25.875921375921376,,employee802@example.com,Active,Post Graduate,2.8642458100558663
 E0803 ,Divya,57.0,IT,Madurai,46853.0,25.875921375921376,,,Active,Diploma,2.8642458100558663
E0804,Nila,40.639296187683286,Sales,Coimbatore,29243.0,25.875921375921376,,employee804@example.com,Left,Post Graduate,2.8642458100558663
E0805,Sanjay,40.639296187683286,IT,Coimbatore,92633.0,40.0,,employee805@example.com,Active,Under Graduate,2.9
 E0806 ,Rohan,40.639296187683286,HR,Chennai,30958.0,25.875921375921376,,,Active,Post Graduate,2.8642458100558663
 E0807 ,Arun,34.0,Marketing,Chennai,45143.5,25.875921375921376,2026-03-03,,On Leave,Under Graduate,2.8642458100558663
E0808,Vijay,40.639296187683286,Finance,Salem,45143.5,40.0,,employee808@example.com,Active,Post Graduate,2.8642458100558663
 E0809 ,Ahalya,28.0,HR,Chennai,45143.5,25.875921375921376,,,Left,Under Graduate,2.8642458100558663
E0810,Anitha,40.639296187683286,Sales,Salem,49428.0,25.875921375921376,,,On Leave,Under Graduate,2.8642458100558663
E0811,Priya,40.639296187683286,IT,Coimbatore,45000.0,25.875921375921376,,,On Leave,Diploma,2.8642458100558663
E0812,Anitha,40.639296187683286,Sales,Madurai,45000.0,25.875921375921376,2025-11-10,,On Leave,Under Graduate,2.8642458100558663
E0813,Arun,40.639296187683286,IT,Madurai,45143.5,40.0,,employee813@example.com,Resigned,Under Graduate,2.8642458100558663
E0814,Arun,40.639296187683286,IT,Bengaluru,45000.0,40.0,,,Active,Post Graduate,2.8642458100558663
E0815,Divya,40.639296187683286,HR,Madurai,45000.0,25.875921375921376,,employee815@example.com,Active,Under Graduate,2.8642458100558663
E0816,Rahul,40.639296187683286,Sales,Madurai,27254.0,2.1,,,Active,Post Graduate,2.2
E0817,Priya,40.639296187683286,Sales,Chennai,45143.5,25.875921375921376,,employee817@example.com,On Leave,Post Graduate,2.8642458100558663
 E0818 ,Sanjay,38.0,HR,Chennai,56442.0,25.875921375921376,,,Resigned,Under Graduate,2.8642458100558663
E0819,Divya,40.639296187683286,HR,Chennai,108132.0,22.2,,,Left,Post Graduate,2.3
E0820,Ahalya,40.639296187683286,Finance,Bengaluru,45143.5,25.875921375921376,,,Active,Under Graduate,2.8642458100558663
E0821,Ahalya,40.639296187683286,HR,Chennai,45143.5,40.0,,,Active,Diploma,2.8642458100558663
E0822,Rahul,45.0,HR,Bengaluru,45143.5,25.875921375921376,,,Left,Post Graduate,2.8642458100558663
E0823,Kavin,40.639296187683286,HR,Bengaluru,45143.5,22.4,,employee823@example.com,Active,Post Graduate,2.8642458100558663
E0824,Kavin,26.0,HR,Chennai,45143.5,25.875921375921376,,,Active,Post Graduate,1.6
 E0825 ,Rahul,26.0,Marketing,Madurai,45000.0,25.875921375921376,,employee825@example.com,Active,Post Graduate,2.8642458100558663
 E0826 ,Priya,40.639296187683286,Finance,Madurai,45000.0,4.6,2021-12-06,employee826@example.com,Active,Post Graduate,2.8642458100558663
E0827,Divya,40.639296187683286,IT,Bengaluru,71729.0,25.875921375921376,,,Left,Post Graduate,2.8642458100558663
E0828,Rohan,39.0,Finance,Chennai,45000.0,8.6,,employee828@example.com,Active,Diploma,2.8642458100558663
 E0829 ,Rahul,40.639296187683286,Finance,Madurai,45000.0,40.0,,,Left,Post Graduate,2.8642458100558663
E0830,Divya,40.639296187683286,Sales,Chennai,45000.0,40.0,,employee830@example.com,Active,Diploma,2.8642458100558663
 E0831 ,Sanjay,46.0,HR,Salem,45143.5,25.875921375921376,,employee831@example.com,Resigned,Post Graduate,2.8642458100558663
 E0832 ,Anitha,40.639296187683286,HR,Bengaluru,45143.5,40.0,,employee832@example.com,Active,Under Graduate,2.8642458100558663
E0833,Priya,40.639296187683286,Sales,Salem,45000.0,40.0,,,On Leave,Post Graduate,2.8642458100558663
 E0834 ,Divya,40.639296187683286,IT,Madurai,45143.5,40.0,,,Resigned,Post Graduate,2.8642458100558663
E0835,Vijay,40.639296187683286,HR,Madurai,63392.0,25.875921375921376,,employee835@example.com,Left,Under Graduate,3.3
E0836,Sanjay,41.0,Sales,Madurai,45143.5,25.875921375921376,,,Left,Post Graduate,1.6
 E0837 ,Sanjay,40.639296187683286,Sales,Madurai,45143.5,40.0,,,Left,Post Graduate,2.8642458100558663
E0838,Meena,40.639296187683286,HR,Chennai,45000.0,10.6,,employee838@example.com,On Leave,Under Graduate,2.8642458100558663
E0839,Vijay,40.639296187683286,Finance,Salem,45143.5,25.875921375921376,,employee839@example.com,Active,Post Graduate,1.5
E0840,Rahul,40.639296187683286,Sales,Coimbatore,45143.5,40.0,,,Resigned,Post Graduate,4.3
E0841,Priya,40.639296187683286,HR,Coimbatore,28323.0,25.875921375921376,,employee841@example.com,Left,Under Graduate,2.8642458100558663
E0842,Priya,40.639296187683286,Finance,Chennai,45000.0,10.0,,,Left,Under Graduate,2.8642458100558663
E0843,Arun,35.0,HR,Coimbatore,26879.0,25.875921375921376,,employee843@example.com,Resigned,Diploma,2.8642458100558663
E0844,Vijay,40.639296187683286,HR,Madurai,23081.0,40.0,,employee844@example.com,Left,Post Graduate,2.8642458100558663
 E0845 ,Nila,40.639296187683286,Sales,Hyderabad,45143.5,3.8,,,Active,Post Graduate,2.8642458100558663
E0846,Priya,40.639296187683286,HR,Chennai,86247.0,40.0,,,On Leave,Under Graduate,2.8642458100558663
E0847,Meena,57.0,IT,Chennai,45143.5,25.875921375921376,,employee847@example.com,Left,Under Graduate,2.8642458100558663
 E0848 ,Nila,40.639296187683286,HR,Salem,45000.0,25.875921375921376,,,Left,Under Graduate,3.5
E0849,Ahalya,22.0,Sales,Madurai,20939.0,40.0,,employee849@example.com,Left,Under Graduate,2.8642458100558663
E0850,Kavin,40.639296187683286,Marketing,Chennai,23870.0,25.875921375921376,,,Active,Post Graduate,1.1
E0851,Divya,40.639296187683286,Marketing,Hyderabad,89600.0,40.0,2021-10-05,employee851@example.com,Active,Under Graduate,2.8642458100558663
E0852,Meena,47.0,IT,Madurai,45143.5,40.0,,employee852@example.com,Active,Under Graduate,5.0
E0853,Rahul,40.639296187683286,Finance,Chennai,50345.0,21.2,,employee853@example.com,Active,Diploma,2.8642458100558663
 E0854 ,Priya,40.639296187683286,Marketing,Chennai,45000.0,40.0,,,On Leave,Diploma,4.8
 E0855 ,Nila,40.639296187683286,Marketing,Coimbatore,67011.0,25.875921375921376,,employee855@example.com,Resigned,Post Graduate,2.8642458100558663
E0856,Ahalya,40.639296187683286,IT,Coimbatore,45000.0,25.875921375921376,,employee856@example.com,Left,Post Graduate,2.8642458100558663
E0857,Divya,40.639296187683286,HR,Madurai,45143.5,40.0,,,Active,Post Graduate,2.8642458100558663
E0858,Nila,21.0,Marketing,Chennai,147814.0,25.875921375921376,,,Left,Under Graduate,2.8642458100558663
E0859,Rohan,40.639296187683286,HR,Salem,45143.5,11.3,,,Resigned,Under Graduate,2.8642458100558663
E0860,Meena,40.639296187683286,Finance,Hyderabad,25488.0,12.3,,,Active,Under Graduate,2.8642458100558663
E0861,Arun,43.0,Marketing,Chennai,45000.0,19.0,,employee861@example.com,Active,Under Graduate,2.8642458100558663
E0862,Ahalya,59.0,Marketing,Coimbatore,45143.5,40.0,,,Active,Post Graduate,2.8642458100558663
 E0863 ,Priya,40.639296187683286,HR,Salem,45143.5,25.875921375921376,2023-03-10,,Resigned,Under Graduate,2.8642458100558663
 E0864 ,Priya,40.639296187683286,IT,Bengaluru,145466.0,25.875921375921376,,employee864@example.com,Active,Post Graduate,3.9
E0865,Nila,40.639296187683286,HR,Hyderabad,45000.0,40.0,,,Active,Under Graduate,2.8642458100558663
E0866,Ahalya,48.0,HR,Chennai,54442.0,40.0,2023-05-11,employee866@example.com,Active,Post Graduate,2.8642458100558663
E0867,Arun,40.639296187683286,HR,Salem,28758.0,40.0,,employee867@example.com,Active,Post Graduate,3.8
E0868,Rahul,40.639296187683286,IT,Chennai,45143.5,25.875921375921376,,,Left,Post Graduate,2.8642458100558663
E0869,Priya,51.0,Finance,Coimbatore,45143.5,25.875921375921376,,employee869@example.com,Active,Under Graduate,3.1
 E0870 ,Divya,40.639296187683286,HR,Madurai,45143.5,40.0,,employee870@example.com,Resigned,Under Graduate,2.8642458100558663
E0871,Ahalya,40.639296187683286,Sales,Chennai,45143.5,25.875921375921376,,,Active,Post Graduate,2.8642458100558663
 E0872 ,Sanjay,40.639296187683286,Finance,Chennai,45000.0,25.875921375921376,,,On Leave,Post Graduate,2.8642458100558663
 E0873 ,Anitha,59.0,IT,Salem,45143.5,40.0,,employee873@example.com,Left,Post Graduate,2.8642458100558663
 E0874 ,Vijay,40.639296187683286,Sales,Madurai,45143.5,25.875921375921376,,,Active,Post Graduate,2.8642458100558663
E0875,Vijay,40.639296187683286,Marketing,Bengaluru,45143.5,13.0,,employee875@example.com,Active,Post Graduate,2.8642458100558663
E0876,Divya,40.639296187683286,Finance,Hyderabad,45143.5,25.875921375921376,,,Active,Under Graduate,2.8642458100558663
E0877,Kavin,40.639296187683286,Finance,Hyderabad,45143.5,25.875921375921376,,,On Leave,Diploma,2.8642458100558663
E0878,Anitha,28.0,Sales,Madurai,45143.5,25.875921375921376,2022-04-07,employee878@example.com,Active,Post Graduate,3.3
E0879,Rahul,40.639296187683286,IT,Coimbatore,45000.0,25.875921375921376,,,Active,Post Graduate,2.8642458100558663
E0880,Kavin,40.639296187683286,IT,Hyderabad,22571.0,25.875921375921376,,,Left,Post Graduate,2.8642458100558663
 E0881 ,Arun,40.639296187683286,IT,Chennai,45143.5,40.0,,,Active,Under Graduate,2.8642458100558663
E0882,Rahul,40.639296187683286,Sales,Chennai,45143.5,25.875921375921376,,,Active,Post Graduate,2.8642458100558663
E0883,Rahul,40.639296187683286,Sales,Hyderabad,45143.5,40.0,,employee883@example.com,Left,Post Graduate,2.8642458100558663
E0884,Rahul,40.639296187683286,Sales,Hyderabad,51991.0,40.0,,,Active,Under Graduate,2.8642458100558663
E0885,Vijay,40.639296187683286,Marketing,Madurai,45143.5,25.875921375921376,2023-08-09,employee885@example.com,Active,Under Graduate,2.8642458100558663
E0886,Divya,26.0,IT,Coimbatore,31124.0,25.875921375921376,,,Left,Under Graduate,2.8642458100558663
E0887,Arun,25.0,HR,Chennai,45143.5,40.0,2026-07-01,employee887@example.com,Active,Under Graduate,2.8642458100558663
E0888,Meena,40.639296187683286,Finance,Chennai,45143.5,25.875921375921376,,,Active,Under Graduate,1.5
E0889,Kavin,40.639296187683286,IT,Coimbatore,45143.5,40.0,,employee889@example.com,Active,Under Graduate,2.8642458100558663
E0890,Nila,40.639296187683286,Sales,Hyderabad,45143.5,40.0,,,Left,Post Graduate,2.8642458100558663
E0891,Divya,40.639296187683286,Sales,Hyderabad,27546.0,25.875921375921376,,employee891@example.com,Left,Diploma,2.8642458100558663
E0892,Priya,40.639296187683286,HR,Madurai,45000.0,25.875921375921376,,,Active,Diploma,2.8642458100558663
 E0893 ,Rahul,40.639296187683286,HR,Bengaluru,45000.0,25.875921375921376,,employee893@example.com,Active,Under Graduate,2.8642458100558663
E0894,Meena,40.639296187683286,Finance,Coimbatore,45143.5,40.0,,,Active,Under Graduate,2.8642458100558663
 E0895 ,Vijay,38.0,Sales,Salem,45143.5,40.0,,,Resigned,Under Graduate,2.8642458100558663
E0896,Divya,40.639296187683286,Sales,Chennai,131615.0,25.875921375921376,,employee896@example.com,Left,Post Graduate,2.8642458100558663
 E0897 ,Vijay,40.639296187683286,IT,Hyderabad,45143.5,25.875921375921376,,employee897@example.com,Active,Under Graduate,2.8642458100558663
E0898,Sanjay,34.0,HR,Chennai,45143.5,18.2,,employee898@example.com,Active,Diploma,2.8642458100558663
E0899,Ahalya,40.639296187683286,Sales,Chennai,45143.5,25.875921375921376,,employee899@example.com,Left,Diploma,2.8642458100558663
 E0900 ,Priya,52.0,HR,Bengaluru,96732.0,25.875921375921376,2022-03-04,employee900@example.com,On Leave,Post Graduate,2.8642458100558663
 E0901 ,Divya,42.0,Sales,Coimbatore,45143.5,12.0,,employee901@example.com,On Leave,Under Graduate,2.8642458100558663
 E0902 ,Arun,40.639296187683286,IT,Madurai,45000.0,40.0,,,Active,Diploma,2.8642458100558663
 E0903 ,Kavin,58.0,Marketing,Coimbatore,44387.0,19.9,,,Active,Under Graduate,2.9
E0904,Kavin,40.639296187683286,HR,Chennai,111651.0,25.875921375921376,,employee904@example.com,Left,Post Graduate,2.8642458100558663
E0905,Meena,40.639296187683286,HR,Chennai,94396.0,25.875921375921376,,,Active,Post Graduate,2.8642458100558663
 E0906 ,Arun,40.639296187683286,IT,Bengaluru,45000.0,25.875921375921376,,,Left,Post Graduate,2.8642458100558663
 E0907 ,Rohan,23.0,Sales,Madurai,48859.0,25.875921375921376,,,Active,Under Graduate,2.8642458100558663
E0908,Ahalya,40.0,HR,Salem,82026.0,25.875921375921376,2023-12-03,,On Leave,Post Graduate,2.8642458100558663
E0909,Priya,40.639296187683286,IT,Hyderabad,62848.0,40.0,,employee909@example.com,Active,Under Graduate,2.8642458100558663
 E0910 ,Ahalya,40.639296187683286,HR,Bengaluru,45143.5,25.875921375921376,2026-02-02,employee910@example.com,Resigned,Post Graduate,2.5
E0911,Vijay,40.639296187683286,HR,Madurai,45143.5,25.875921375921376,,,On Leave,Post Graduate,2.8642458100558663
 E0912 ,Sanjay,40.639296187683286,HR,Madurai,45143.5,40.0,,,Resigned,Post Graduate,2.8642458100558663
E0913,Divya,40.639296187683286,HR,Hyderabad,45143.5,25.875921375921376,,,Active,Under Graduate,2.8642458100558663
 E0914 ,Vijay,40.639296187683286,IT,Salem,85765.0,25.875921375921376,,employee914@example.com,Active,Post Graduate,2.8642458100558663
E0915,Kavin,40.639296187683286,HR,Salem,21862.0,25.875921375921376,,,Active,Post Graduate,2.8642458100558663
E0916,Priya,40.639296187683286,HR,Chennai,45143.5,25.875921375921376,,employee916@example.com,Left,Under Graduate,2.8642458100558663
 E0917 ,Anitha,40.639296187683286,HR,Salem,45143.5,25.875921375921376,,employee917@example.com,Active,Diploma,2.8642458100558663
 E0918 ,Priya,40.639296187683286,Finance,Madurai,45143.5,20.1,2021-10-05,employee918@example.com,Active,Post Graduate,2.8642458100558663
E0919,Arun,45.0,Marketing,Chennai,45143.5,40.0,,employee919@example.com,Active,Under Graduate,2.8642458100558663
 E0920 ,Rohan,33.0,HR,Bengaluru,136727.0,14.3,,,Active,Under Graduate,1.5
E0921,Ahalya,40.639296187683286,Marketing,Bengaluru,45000.0,25.875921375921376,,employee921@example.com,Left,Diploma,2.8642458100558663
E0922,Meena,39.0,Sales,Hyderabad,59348.0,25.875921375921376,,,Active,Post Graduate,2.8642458100558663
 E0923 ,Kavin,40.639296187683286,HR,Salem,45143.5,8.2,,employee923@example.com,Resigned,Diploma,2.8642458100558663
E0924,Nila,40.639296187683286,HR,Salem,38667.0,25.875921375921376,,employee924@example.com,Left,Under Graduate,4.6
E0925,Sanjay,40.0,HR,Chennai,55264.0,1.3,,employee925@example.com,Resigned,Under Graduate,2.8642458100558663
 E0926 ,Arun,40.639296187683286,HR,Coimbatore,45143.5,25.875921375921376,,employee926@example.com,Left,Under Graduate,2.8642458100558663
E0927,Nila,57.0,IT,Bengaluru,45143.5,40.0,,,Active,Under Graduate,2.8642458100558663
 E0928 ,Vijay,40.639296187683286,IT,Salem,36337.0,25.875921375921376,,employee928@example.com,Active,Post Graduate,2.8642458100558663
E0929,Meena,40.639296187683286,HR,Chennai,45143.5,18.6,,employee929@example.com,Left,Post Graduate,1.4
 E0930 ,Divya,40.639296187683286,Marketing,Salem,45143.5,3.7,,,Active,Post Graduate,2.8642458100558663
E0931,Divya,40.639296187683286,Finance,Coimbatore,45000.0,25.875921375921376,,,Active,Under Graduate,2.8642458100558663
E0932,Kavin,40.639296187683286,HR,Chennai,45143.5,25.875921375921376,,,Resigned,Diploma,2.8642458100558663
E0933,Anitha,40.639296187683286,Finance,Hyderabad,45143.5,40.0,,employee933@example.com,Left,Post Graduate,2.8642458100558663
E0934,Divya,38.0,HR,Chennai,45143.5,25.875921375921376,,,Active,Post Graduate,2.8642458100558663
E0935,Rahul,40.639296187683286,HR,Chennai,45143.5,0.1,,,Left,Post Graduate,2.8642458100558663
E0936,Divya,37.0,Finance,Madurai,46144.0,25.875921375921376,,,Left,Diploma,2.8642458100558663
E0937,Priya,40.639296187683286,IT,Hyderabad,45143.5,25.875921375921376,,employee937@example.com,Active,Post Graduate,2.8642458100558663
 E0938 ,Ahalya,27.0,HR,Hyderabad,45143.5,25.875921375921376,,employee938@example.com,Active,Diploma,2.8642458100558663
 E0939 ,Rohan,40.639296187683286,IT,Coimbatore,80051.0,25.875921375921376,2024-05-01,employee939@example.com,Active,Under Graduate,2.8642458100558663
E0940,Rahul,47.0,Sales,Chennai,45143.5,25.875921375921376,,,Active,Under Graduate,2.8642458100558663
E0941,Meena,40.639296187683286,Finance,Chennai,45143.5,25.875921375921376,2022-06-02,employee941@example.com,Active,Post Graduate,3.5
E0942,Rahul,40.639296187683286,HR,Coimbatore,45143.5,25.875921375921376,,employee942@example.com,On Leave,Under Graduate,2.8642458100558663
 E0943 ,Priya,40.639296187683286,HR,Madurai,45000.0,25.875921375921376,,,Active,Under Graduate,2.8642458100558663
E0944,Vijay,40.639296187683286,HR,Coimbatore,45143.5,40.0,,,Active,Post Graduate,2.8642458100558663
E0945,Ahalya,40.639296187683286,Finance,Chennai,121443.0,25.875921375921376,,employee945@example.com,Left,Post Graduate,2.8642458100558663
E0946,Priya,54.0,IT,Chennai,45143.5,25.875921375921376,,,Active,Post Graduate,2.8642458100558663
E0947,Anitha,26.0,HR,Chennai,45143.5,25.875921375921376,,employee947@example.com,Active,Diploma,2.8642458100558663
E0948,Rohan,26.0,HR,Chennai,67917.0,25.875921375921376,,employee948@example.com,Active,Diploma,2.3
 E0949 ,Sanjay,40.639296187683286,Finance,Chennai,86368.0,25.875921375921376,,,Active,Post Graduate,2.8642458100558663
E0950,Ahalya,53.0,HR,Salem,45000.0,40.0,,employee950@example.com,Left,Under Graduate,2.8642458100558663
E0951,Meena,44.0,Finance,Madurai,45143.5,25.875921375921376,2021-09-09,,Resigned,Diploma,2.8642458100558663
E0952,Divya,40.639296187683286,HR,Chennai,45143.5,40.0,,employee952@example.com,Resigned,Under Graduate,2.8642458100558663
E0953,Nila,32.0,HR,Salem,33915.0,40.0,,employee953@example.com,Left,Post Graduate,2.8642458100558663
 E0954 ,Arun,40.639296187683286,HR,Chennai,69556.0,25.875921375921376,,,Active,Post Graduate,2.8642458100558663
 E0955 ,Rohan,40.639296187683286,Finance,Hyderabad,45143.5,25.875921375921376,,employee955@example.com,Left,Under Graduate,2.8642458100558663
E0956,Priya,26.0,Sales,Madurai,58223.0,25.875921375921376,,,Resigned,Diploma,2.8642458100558663
E0957,Vijay,33.0,Finance,Chennai,45000.0,40.0,,,Left,Post Graduate,2.8642458100558663
E0958,Rohan,40.639296187683286,Sales,Chennai,45143.5,25.875921375921376,,employee958@example.com,Left,Post Graduate,2.8642458100558663
 E0959 ,Rohan,40.639296187683286,IT,Coimbatore,45143.5,25.875921375921376,,employee959@example.com,Active,Under Graduate,2.8642458100558663
 E0960 ,Arun,40.639296187683286,HR,Hyderabad,45143.5,25.875921375921376,,employee960@example.com,Resigned,Post Graduate,2.8642458100558663
E0961,Priya,23.0,IT,Chennai,45000.0,25.875921375921376,,employee961@example.com,Active,Post Graduate,2.8642458100558663
,Meena,40.639296187683286,HR,Chennai,52032.0,40.0,,,On Leave,Under Graduate,2.8642458100558663
E0963,Nila,40.639296187683286,IT,Madurai,108647.0,25.875921375921376,,,Left,Under Graduate,2.8642458100558663
E0964,Arun,40.639296187683286,Finance,Salem,45143.5,25.875921375921376,,employee964@example.com,Resigned,Diploma,2.7
 E0965 ,Arun,23.0,Finance,Hyderabad,45143.5,13.4,,employee965@example.com,On Leave,Under Graduate,4.9
 E0966 ,Divya,54.0,Sales,Chennai,51760.0,25.875921375921376,,employee966@example.com,Active,Under Graduate,2.8642458100558663
E0967,Divya,41.0,Finance,Coimbatore,45143.5,25.875921375921376,,,On Leave,Post Graduate,2.8642458100558663
E0968,Meena,56.0,Finance,Chennai,45143.5,25.875921375921376,,employee968@example.com,Active,Post Graduate,2.8642458100558663
E0969,Anitha,56.0,Sales,Chennai,53781.0,25.875921375921376,,employee969@example.com,Active,Post Graduate,2.8642458100558663
E0970,Priya,40.639296187683286,Sales,Hyderabad,45143.5,14.4,,,On Leave,Post Graduate,2.8642458100558663
E0971,Vijay,59.0,IT,Coimbatore,45143.5,25.875921375921376,,,Resigned,Post Graduate,1.4
 E0972 ,Vijay,40.639296187683286,Finance,Chennai,45143.5,25.875921375921376,,,On Leave,Post Graduate,2.8642458100558663
E0973,Arun,40.639296187683286,IT,Madurai,45000.0,24.3,,employee973@example.com,Left,Diploma,2.8642458100558663
E0974,Rohan,40.639296187683286,HR,Hyderabad,45143.5,25.875921375921376,,employee974@example.com,Resigned,Under Graduate,2.8642458100558663
 E0975 ,Divya,40.639296187683286,Marketing,Chennai,76904.0,25.875921375921376,,,Left,Under Graduate,2.8642458100558663
E0976,Priya,40.639296187683286,IT,Salem,100233.0,25.875921375921376,,,Left,Post Graduate,4.6
E0977,Ahalya,40.639296187683286,HR,Hyderabad,20853.0,40.0,,,Left,Under Graduate,2.8642458100558663
 E0978 ,Anitha,60.0,HR,Chennai,45000.0,25.875921375921376,,employee978@example.com,Resigned,Under Graduate,2.8642458100558663
E0979,Sanjay,40.639296187683286,Finance,Chennai,73888.0,25.875921375921376,,,Left,Under Graduate,2.8642458100558663
 E0980 ,Ahalya,40.639296187683286,HR,Chennai,45143.5,0.5,,,Left,Under Graduate,2.8642458100558663
 E0981 ,Rohan,55.0,HR,Madurai,45143.5,11.3,2026-04-04,,Resigned,Under Graduate,2.8642458100558663
E0982,Arun,26.0,Sales,Madurai,41531.0,25.875921375921376,,,Resigned,Post Graduate,2.8642458100558663
E0983,Ahalya,40.639296187683286,HR,Bengaluru,45143.5,25.875921375921376,,,Active,Post Graduate,2.8642458100558663
E0984,Divya,53.0,Finance,Chennai,45143.5,25.875921375921376,,,Active,Under Graduate,2.8642458100558663
E0985,Anitha,40.639296187683286,IT,Salem,45143.5,40.0,,employee985@example.com,On Leave,Post Graduate,2.8642458100558663
E0986,Anitha,40.639296187683286,Sales,Hyderabad,45143.5,25.875921375921376,,employee986@example.com,Active,Diploma,2.8642458100558663
 E0987 ,Sanjay,52.0,IT,Hyderabad,72793.0,23.2,,employee987@example.com,Active,Under Graduate,2.5
 E0988 ,Anitha,40.639296187683286,Marketing,Bengaluru,45143.5,25.875921375921376,2022-03-11,employee988@example.com,Active,Diploma,2.8642458100558663
 E0989 ,Vijay,40.639296187683286,Sales,Chennai,45143.5,25.875921375921376,,employee989@example.com,Active,Post Graduate,2.8642458100558663
E0990,Rohan,40.639296187683286,IT,Hyderabad,45143.5,3.2,,employee990@example.com,Left,Post Graduate,2.8642458100558663
E0991,Anitha,40.639296187683286,Finance,Chennai,45143.5,25.875921375921376,,employee991@example.com,Resigned,Post Graduate,2.8642458100558663
 E0992 ,Divya,40.639296187683286,HR,Chennai,45143.5,25.875921375921376,,,Active,Under Graduate,2.8642458100558663
E0993,Vijay,40.639296187683286,IT,Chennai,45000.0,25.875921375921376,2025-11-09,,Active,Post Graduate,2.8642458100558663
 E0994 ,Divya,46.0,HR,Bengaluru,45143.5,25.875921375921376,,,Active,Post Graduate,1.2
 E0995 ,Vijay,40.639296187683286,Sales,Madurai,45143.5,25.875921375921376,,,Active,Diploma,2.8642458100558663
E0996,Arun,32.0,Finance,Chennai,37445.0,25.875921375921376,,,Resigned,Under Graduate,1.7
 E0997 ,Vijay,40.639296187683286,IT,Madurai,45143.5,25.875921375921376,2023-08-03,employee997@example.com,Resigned,Post Graduate,2.8642458100558663
E0998,Rahul,40.639296187683286,HR,Bengaluru,45143.5,40.0,,,Active,Post Graduate,2.8642458100558663
,Sanjay,40.639296187683286,HR,Chennai,35725.0,25.875921375921376,,,Left,Post Graduate,2.8642458100558663
 E1000 ,Kavin,40.639296187683286,Sales,Bengaluru,45143.5,25.875921375921376,,,Left,Under Graduate,2.8642458100558663
